{
  "type": "FeatureCollection",
  "features": [
    {
      "type": "Feature",
      "properties": {
        "name": "K",
        "kind": "annular",
        "street_status": "autofilled"
      },
      "geometry": {
        "type": "LineString",
        "coordinates": [
          [
            -119.20300884076084,
            40.771167152591296
          ],
          [
            -119.2033968822487,
            40.77116991431057
          ],
          [
            -119.20378484479198,
            40.77117820201855
          ],
          [
            -119.2041726497008,
            40.771192014034234
          ],
          [
            -119.20456021831713,
            40.77121134755616
          ],
          [
            -119.20494747203097,
            40.77123619866295
          ],
          [
            -119.20533433229613,
            40.771266562314054
          ],
          [
            -119.20572072064628,
            40.77130243235087
          ]
        ]
      }
    },
    {
      "type": "Feature",
      "properties": {
        "name": "K",
        "kind": "annular",
        "street_status": "autofilled"
      },
      "geometry": {
        "type": "LineString",
        "coordinates": [
          [
            -119.20029693103473,
            40.7713020889595
          ],
          [
            -119.2006833273039,
            40.771266267849185
          ],
          [
            -119.20107019427125,
            40.77123595318428
          ],
          [
            -119.20145745346909,
            40.771211151113484
          ],
          [
            -119.20184502635013,
            40.77119186666737
          ],
          [
            -119.20223283430343,
            40.77117810375737
          ],
          [
            -119.20262079867045,
            40.77116986517501
          ],
          [
            -119.20300884076084,
            40.771167152591296
          ]
        ]
      }
    },
    {
      "type": "Feature",
      "properties": {
        "name": "4:30",
        "kind": "avenue",
        "street_status": "autofilled"
      },
      "geometry": {
        "type": "LineString",
        "coordinates": [
          [
            -119.20300878316867,
            40.77168866798219
          ],
          [
            -119.20300884076084,
            40.771167152591296
          ]
        ]
      }
    },
    {
      "type": "Feature",
      "properties": {
        "name": "K",
        "kind": "annular",
        "street_status": "autofilled"
      },
      "geometry": {
        "type": "LineString",
        "coordinates": [
          [
            -119.20572072064628,
            40.77130243235087
          ],
          [
            -119.2061038025939,
            40.77134349311283
          ],
          [
            -119.20648625107081,
            40.77139008420806
          ],
          [
            -119.20686798624384,
            40.771442195911014
          ],
          [
            -119.20724892842874,
            40.771499817343795
          ],
          [
            -119.2076289981068,
            40.771562936478375
          ],
          [
            -119.20800811594138,
            40.771631540139126
          ],
          [
            -119.20838620279464,
            40.771705614005555
          ]
        ]
      }
    },
    {
      "type": "Feature",
      "properties": {
        "name": "K",
        "kind": "annular",
        "street_status": "autofilled"
      },
      "geometry": {
        "type": "LineString",
        "coordinates": [
          [
            -119.19763135987498,
            40.771704933094156
          ],
          [
            -119.19800946308514,
            40.77163090710338
          ],
          [
            -119.19838859606784,
            40.77156235144886
          ],
          [
            -119.19876867968203,
            40.77149928044105
          ],
          [
            -119.19914963458817,
            40.77144170724555
          ],
          [
            -119.19953138126488,
            40.77138964388031
          ],
          [
            -119.1999138400255,
            40.77134310121315
          ],
          [
            -119.20029693103473,
            40.7713020889595
          ]
        ]
      }
    },
    {
      "type": "Feature",
      "properties": {
        "name": "4:45",
        "kind": "path",
        "street_status": "autofilled"
      },
      "geometry": {
        "type": "LineString",
        "coordinates": [
          [
            -119.20563115048292,
            40.77181948563396
          ],
          [
            -119.20572072064628,
            40.77130243235087
          ]
        ]
      }
    },
    {
      "type": "Feature",
      "properties": {
        "name": "J",
        "kind": "annular",
        "street_status": "autofilled"
      },
      "geometry": {
        "type": "LineString",
        "coordinates": [
          [
            -119.20300878316867,
            40.77168866798219
          ],
          [
            -119.20338401636839,
            40.77169133898958
          ],
          [
            -119.20375917322296,
            40.7716993535877
          ],
          [
            -119.20413417763974,
            40.77171271015096
          ],
          [
            -119.20450895355707,
            40.771731405970264
          ],
          [
            -119.20488342495956,
            40.77175543725355
          ],
          [
            -119.20525751589365,
            40.77178479912659
          ],
          [
            -119.20563115048292,
            40.77181948563396
          ]
        ]
      }
    },
    {
      "type": "Feature",
      "properties": {
        "name": "J",
        "kind": "annular",
        "street_status": "autofilled"
      },
      "geometry": {
        "type": "LineString",
        "coordinates": [
          [
            -119.20038638699808,
            40.77181915357711
          ],
          [
            -119.20076002924506,
            40.77178451438129
          ],
          [
            -119.20113412666021,
            40.771755199877525
          ],
          [
            -119.20150860336578,
            40.77173121601165
          ],
          [
            -119.20188338340711,
            40.7717125676483
          ],
          [
            -119.20225839076801,
            40.77169925856987
          ],
          [
            -119.20263354938619,
            40.77169129147585
          ],
          [
            -119.20300878316867,
            40.77168866798219
          ]
        ]
      }
    },
    {
      "type": "Feature",
      "properties": {
        "name": "4:15",
        "kind": "path",
        "street_status": "autofilled"
      },
      "geometry": {
        "type": "LineString",
        "coordinates": [
          [
            -119.20038638699808,
            40.77181915357711
          ],
          [
            -119.20029693103473,
            40.7713020889595
          ]
        ]
      }
    },
    {
      "type": "Feature",
      "properties": {
        "name": "4:30",
        "kind": "avenue",
        "street_status": "autofilled"
      },
      "geometry": {
        "type": "LineString",
        "coordinates": [
          [
            -119.20300872860798,
            40.77218273263899
          ],
          [
            -119.20300878316867,
            40.77168866798219
          ]
        ]
      }
    },
    {
      "type": "Feature",
      "properties": {
        "name": "5:00",
        "kind": "avenue",
        "street_status": "autofilled"
      },
      "geometry": {
        "type": "LineString",
        "coordinates": [
          [
            -119.20820864888366,
            40.7722093606971
          ],
          [
            -119.20838620279464,
            40.771705614005555
          ]
        ]
      }
    },
    {
      "type": "Feature",
      "properties": {
        "name": "J",
        "kind": "annular",
        "street_status": "autofilled"
      },
      "geometry": {
        "type": "LineString",
        "coordinates": [
          [
            -119.20563115048292,
            40.77181948563396
          ],
          [
            -119.2060015874571,
            40.77185919129316
          ],
          [
            -119.20637141186637,
            40.77190424474108
          ],
          [
            -119.20674054651269,
            40.77195463657315
          ],
          [
            -119.20710891434196,
            40.77201035627046
          ],
          [
            -119.20747643846012,
            40.77207139220192
          ],
          [
            -119.20784304214926,
            40.772137731626756
          ],
          [
            -119.20820864888366,
            40.7722093606971
          ]
        ]
      }
    },
    {
      "type": "Feature",
      "properties": {
        "name": "J",
        "kind": "annular",
        "street_status": "autofilled"
      },
      "geometry": {
        "type": "LineString",
        "coordinates": [
          [
            -119.1978088025235,
            40.772208703161816
          ],
          [
            -119.19817442506886,
            40.77213712025523
          ],
          [
            -119.19854104340217,
            40.77207082712134
          ],
          [
            -119.19890858099457,
            40.772009837598354
          ],
          [
            -119.19927696112529,
            40.77195416441737
          ],
          [
            -119.1996461068977,
            40.77190381919977
          ],
          [
            -119.20001594125537,
            40.77185881245475
          ],
          [
            -119.20038638699808,
            40.77181915357711
          ]
        ]
      }
    },
    {
      "type": "Feature",
      "properties": {
        "name": "4:00",
        "kind": "avenue",
        "street_status": "autofilled"
      },
      "geometry": {
        "type": "LineString",
        "coordinates": [
          [
            -119.1978088025235,
            40.772208703161816
          ],
          [
            -119.19763135987498,
            40.771704933094156
          ]
        ]
      }
    },
    {
      "type": "Feature",
      "properties": {
        "name": "I",
        "kind": "annular",
        "street_status": "autofilled"
      },
      "geometry": {
        "type": "LineString",
        "coordinates": [
          [
            -119.20047113422639,
            40.77230899302249
          ],
          [
            -119.20089299858262,
            40.772270389172725
          ],
          [
            -119.20131544577141,
            40.77223879981571
          ],
          [
            -119.20173835916741,
            40.772214233672365
          ],
          [
            -119.20216162201655,
            40.77219669752466
          ],
          [
            -119.20258511746833,
            40.77218619621383
          ],
          [
            -119.20300872860798,
            40.77218273263899
          ]
        ]
      }
    },
    {
      "type": "Feature",
      "properties": {
        "name": "4:15",
        "kind": "path",
        "street_status": "autofilled"
      },
      "geometry": {
        "type": "LineString",
        "coordinates": [
          [
            -119.20047113422639,
            40.77230899302249
          ],
          [
            -119.20038638699808,
            40.77181915357711
          ]
        ]
      }
    },
    {
      "type": "Feature",
      "properties": {
        "name": "4:45",
        "kind": "path",
        "street_status": "autofilled"
      },
      "geometry": {
        "type": "LineString",
        "coordinates": [
          [
            -119.20554629388293,
            40.77230931704296
          ],
          [
            -119.20563115048292,
            40.77181948563396
          ]
        ]
      }
    },
    {
      "type": "Feature",
      "properties": {
        "name": "I",
        "kind": "annular",
        "street_status": "autofilled"
      },
      "geometry": {
        "type": "LineString",
        "coordinates": [
          [
            -119.20300872860798,
            40.77218273263899
          ],
          [
            -119.20343233880013,
            40.772186250315094
          ],
          [
            -119.2038558317415,
            40.77219680570793
          ],
          [
            -119.20427909051816,
            40.77221439590346
          ],
          [
            -119.20470199828071,
            40.77223901604555
          ],
          [
            -119.20512443827675,
            40.772270659337316
          ],
          [
            -119.20554629388293,
            40.77230931704296
          ]
        ]
      }
    },
    {
      "type": "Feature",
      "properties": {
        "name": "K",
        "kind": "annular",
        "street_status": "autofilled"
      },
      "geometry": {
        "type": "LineString",
        "coordinates": [
          [
            -119.20838620279464,
            40.771705614005555
          ],
          [
            -119.20875787572149,
            40.771784050377505
          ],
          [
            -119.2091283415238,
            40.771868002354516
          ],
          [
            -119.20949751835667,
            40.771957451389575
          ],
          [
            -119.2098653246601,
            40.77205237772124
          ],
          [
            -119.21023167917676,
            40.77215276037798
          ],
          [
            -119.21059650097008,
            40.772258577182846
          ],
          [
            -119.21095970944216,
            40.77236980475836
          ]
        ]
      }
    },
    {
      "type": "Feature",
      "properties": {
        "name": "K",
        "kind": "annular",
        "street_status": "autofilled"
      },
      "geometry": {
        "type": "LineString",
        "coordinates": [
          [
            -119.19505770656704,
            40.772368797969634
          ],
          [
            -119.195420939602,
            40.772257616386156
          ],
          [
            -119.1957857847626,
            40.77215184577769
          ],
          [
            -119.19615216144572,
            40.77205150951151
          ],
          [
            -119.19651998870992,
            40.771956629754335
          ],
          [
            -119.19688918529324,
            40.77186722746737
          ],
          [
            -119.19725966963124,
            40.77178332240176
          ],
          [
            -119.19763135987498,
            40.771704933094156
          ]
        ]
      }
    },
    {
      "type": "Feature",
      "properties": {
        "name": "I",
        "kind": "annular",
        "street_status": "autofilled"
      },
      "geometry": {
        "type": "LineString",
        "coordinates": [
          [
            -119.19797690257629,
            40.77268594156521
          ],
          [
            -119.19838976401583,
            40.77260562672586
          ],
          [
            -119.19880392020414,
            40.772532282122896
          ],
          [
            -119.19921925347106,
            40.77246592859501
          ],
          [
            -119.19963564581195,
            40.77240658499458
          ],
          [
            -119.20005297892133,
            40.77235426818231
          ],
          [
            -119.20047113422639,
            40.77230899302249
          ]
        ]
      }
    },
    {
      "type": "Feature",
      "properties": {
        "name": "4:00",
        "kind": "avenue",
        "street_status": "autofilled"
      },
      "geometry": {
        "type": "LineString",
        "coordinates": [
          [
            -119.19797690257629,
            40.77268594156521
          ],
          [
            -119.1978088025235,
            40.772208703161816
          ]
        ]
      }
    },
    {
      "type": "Feature",
      "properties": {
        "name": "5:00",
        "kind": "avenue",
        "street_status": "autofilled"
      },
      "geometry": {
        "type": "LineString",
        "coordinates": [
          [
            -119.20804044105903,
            40.77268658321136
          ],
          [
            -119.20820864888366,
            40.7722093606971
          ]
        ]
      }
    },
    {
      "type": "Feature",
      "properties": {
        "name": "I",
        "kind": "annular",
        "street_status": "autofilled"
      },
      "geometry": {
        "type": "LineString",
        "coordinates": [
          [
            -119.20554629388293,
            40.77230931704296
          ],
          [
            -119.20596443900016,
            40.772354645456815
          ],
          [
            -119.20638176036037,
            40.77240701541665
          ],
          [
            -119.2067981393941,
            40.77246641204309
          ],
          [
            -119.20721345779958,
            40.77253281846034
          ],
          [
            -119.2076275975764,
            40.77260621580099
          ],
          [
            -119.20804044105903,
            40.77268658321136
          ]
        ]
      }
    },
    {
      "type": "Feature",
      "properties": {
        "name": "5:15",
        "kind": "path",
        "street_status": "autofilled"
      },
      "geometry": {
        "type": "LineString",
        "coordinates": [
          [
            -119.21069720729412,
            40.772851626993486
          ],
          [
            -119.21095970944216,
            40.77236980475836
          ]
        ]
      }
    },
    {
      "type": "Feature",
      "properties": {
        "name": "J",
        "kind": "annular",
        "street_status": "autofilled"
      },
      "geometry": {
        "type": "LineString",
        "coordinates": [
          [
            -119.20820864888366,
            40.7722093606971
          ],
          [
            -119.20856805335805,
            40.77228520789615
          ],
          [
            -119.2089262905521,
            40.77236638864925
          ],
          [
            -119.20928328132219,
            40.772452885021565
          ],
          [
            -119.20963894680007,
            40.772544677903845
          ],
          [
            -119.20999320841031,
            40.772641747016756
          ],
          [
            -119.2103459878876,
            40.772744070915266
          ],
          [
            -119.21069720729412,
            40.772851626993486
          ]
        ]
      }
    },
    {
      "type": "Feature",
      "properties": {
        "name": "J",
        "kind": "annular",
        "street_status": "autofilled"
      },
      "geometry": {
        "type": "LineString",
        "coordinates": [
          [
            -119.19532010229399,
            40.77285065343716
          ],
          [
            -119.19567134545933,
            40.772743141965066
          ],
          [
            -119.196024147537,
            40.77264086286916
          ],
          [
            -119.19637843058416,
            40.77254383874544
          ],
          [
            -119.19673411633082,
            40.77245209102899
          ],
          [
            -119.19709112619707,
            40.77236563998917
          ],
          [
            -119.19744938131046,
            40.77228450472517
          ],
          [
            -119.1978088025235,
            40.772208703161816
          ]
        ]
      }
    },
    {
      "type": "Feature",
      "properties": {
        "name": "3:45",
        "kind": "path",
        "street_status": "autofilled"
      },
      "geometry": {
        "type": "LineString",
        "coordinates": [
          [
            -119.19532010229399,
            40.77285065343716
          ],
          [
            -119.19505770656704,
            40.772368797969634
          ]
        ]
      }
    },
    {
      "type": "Feature",
      "properties": {
        "name": "4:30",
        "kind": "avenue",
        "street_status": "autofilled"
      },
      "geometry": {
        "type": "LineString",
        "coordinates": [
          [
            -119.20300864373597,
            40.77295127617553
          ],
          [
            -119.20300872860798,
            40.77218273263899
          ]
        ]
      }
    },
    {
      "type": "Feature",
      "properties": {
        "name": "H",
        "kind": "annular",
        "street_status": "autofilled"
      },
      "geometry": {
        "type": "LineString",
        "coordinates": [
          [
            -119.20060296703835,
            40.7730709720906
          ],
          [
            -119.20100290064163,
            40.77303437520271
          ],
          [
            -119.20140338677665,
            40.773004428157755
          ],
          [
            -119.20180431488083,
            40.77298113922323
          ],
          [
            -119.20220557426963,
            40.772964514828544
          ],
          [
            -119.20260705416698,
            40.77295455956319
          ],
          [
            -119.20300864373597,
            40.77295127617553
          ]
        ]
      }
    },
    {
      "type": "Feature",
      "properties": {
        "name": "4:15",
        "kind": "path",
        "street_status": "autofilled"
      },
      "geometry": {
        "type": "LineString",
        "coordinates": [
          [
            -119.20060296703835,
            40.7730709720906
          ],
          [
            -119.20047113422639,
            40.77230899302249
          ]
        ]
      }
    },
    {
      "type": "Feature",
      "properties": {
        "name": "4:45",
        "kind": "path",
        "street_status": "autofilled"
      },
      "geometry": {
        "type": "LineString",
        "coordinates": [
          [
            -119.20541429277868,
            40.77307127850665
          ],
          [
            -119.20554629388293,
            40.77230931704296
          ]
        ]
      }
    },
    {
      "type": "Feature",
      "properties": {
        "name": "H",
        "kind": "annular",
        "street_status": "autofilled"
      },
      "geometry": {
        "type": "LineString",
        "coordinates": [
          [
            -119.20300864373597,
            40.77295127617553
          ],
          [
            -119.20341023239115,
            40.77295461072741
          ],
          [
            -119.20381170989516,
            40.77296461713783
          ],
          [
            -119.20421296541184,
            40.77298129264435
          ],
          [
            -119.20461388816628,
            40.773004632643335
          ],
          [
            -119.20501436747543,
            40.773034630691285
          ],
          [
            -119.20541429277868,
            40.77307127850665
          ]
        ]
      }
    },
    {
      "type": "Feature",
      "properties": {
        "name": "K",
        "kind": "annular",
        "street_status": "autofilled"
      },
      "geometry": {
        "type": "LineString",
        "coordinates": [
          [
            -119.21095970944216,
            40.77236980475836
          ],
          [
            -119.21131378778504,
            40.77248408730264
          ],
          [
            -119.21166605274017,
            40.77260384210153
          ],
          [
            -119.21201641974254,
            40.7727290404066
          ],
          [
            -119.21236480468275,
            40.77285965216264
          ],
          [
            -119.21271112392722,
            40.77299564601488
          ],
          [
            -119.21305529433829,
            40.77313698931651
          ],
          [
            -119.21339723329412,
            40.77328364813656
          ]
        ]
      }
    },
    {
      "type": "Feature",
      "properties": {
        "name": "K",
        "kind": "annular",
        "street_status": "autofilled"
      },
      "geometry": {
        "type": "LineString",
        "coordinates": [
          [
            -119.19261998091332,
            40.77328233268579
          ],
          [
            -119.19296195225756,
            40.77313571716491
          ],
          [
            -119.19330615388256,
            40.772994417445126
          ],
          [
            -119.19365250315896,
            40.772858467446945
          ],
          [
            -119.19400091694186,
            40.77272789980666
          ],
          [
            -119.19435131159076,
            40.77260274586844
          ],
          [
            -119.1947036029896,
            40.77248303567685
          ],
          [
            -119.19505770656704,
            40.772368797969634
          ]
        ]
      }
    },
    {
      "type": "Feature",
      "properties": {
        "name": "I",
        "kind": "annular",
        "street_status": "autofilled"
      },
      "geometry": {
        "type": "LineString",
        "coordinates": [
          [
            -119.19556868454849,
            40.773307136032656
          ],
          [
            -119.19590856880414,
            40.773203100729035
          ],
          [
            -119.19624996157216,
            40.773104128605326
          ],
          [
            -119.19659278742995,
            40.773010241527054
          ],
          [
            -119.19693697063825,
            40.77292146023636
          ],
          [
            -119.19728243515789,
            40.77283780434737
          ],
          [
            -119.19762910466672,
            40.77275929234186
          ],
          [
            -119.19797690257629,
            40.77268594156521
          ]
        ]
      }
    },
    {
      "type": "Feature",
      "properties": {
        "name": "3:45",
        "kind": "path",
        "street_status": "autofilled"
      },
      "geometry": {
        "type": "LineString",
        "coordinates": [
          [
            -119.19556868454849,
            40.773307136032656
          ],
          [
            -119.19532010229399,
            40.77285065343716
          ]
        ]
      }
    },
    {
      "type": "Feature",
      "properties": {
        "name": "5:15",
        "kind": "path",
        "street_status": "autofilled"
      },
      "geometry": {
        "type": "LineString",
        "coordinates": [
          [
            -119.21044852303777,
            40.773308080807624
          ],
          [
            -119.21069720729412,
            40.772851626993486
          ]
        ]
      }
    },
    {
      "type": "Feature",
      "properties": {
        "name": "I",
        "kind": "annular",
        "street_status": "autofilled"
      },
      "geometry": {
        "type": "LineString",
        "coordinates": [
          [
            -119.20804044105903,
            40.77268658321136
          ],
          [
            -119.20838822292286,
            40.772759977760494
          ],
          [
            -119.20873487524928,
            40.77283853339838
          ],
          [
            -119.20908032145364,
            40.77292223276999
          ],
          [
            -119.20942448521777,
            40.77301105738395
          ],
          [
            -119.20976729050683,
            40.77310498761654
          ],
          [
            -119.21010866158613,
            40.77320400271611
          ],
          [
            -119.21044852303777,
            40.773308080807624
          ]
        ]
      }
    },
    {
      "type": "Feature",
      "properties": {
        "name": "5:00",
        "kind": "avenue",
        "street_status": "autofilled"
      },
      "geometry": {
        "type": "LineString",
        "coordinates": [
          [
            -119.2077787793982,
            40.77342893037989
          ],
          [
            -119.20804044105903,
            40.77268658321136
          ]
        ]
      }
    },
    {
      "type": "Feature",
      "properties": {
        "name": "H",
        "kind": "annular",
        "street_status": "autofilled"
      },
      "geometry": {
        "type": "LineString",
        "coordinates": [
          [
            -119.20541429277868,
            40.77307127850665
          ],
          [
            -119.2058107002231,
            40.77311425017377
          ],
          [
            -119.2062063267388,
            40.773163897330754
          ],
          [
            -119.20660105992003,
            40.77322020587182
          ],
          [
            -119.20699478761493,
            40.77328315979856
          ],
          [
            -119.20738739795723,
            40.77335274122442
          ],
          [
            -119.2077787793982,
            40.77342893037989
          ]
        ]
      }
    },
    {
      "type": "Feature",
      "properties": {
        "name": "H",
        "kind": "annular",
        "street_status": "autofilled"
      },
      "geometry": {
        "type": "LineString",
        "coordinates": [
          [
            -119.1982384014586,
            40.773428328159845
          ],
          [
            -119.19862979969635,
            40.77335218795221
          ],
          [
            -119.19902242538635,
            40.77328265563392
          ],
          [
            -119.19941616697534,
            40.773219750960585
          ],
          [
            -119.19981091259297,
            40.77316349180475
          ],
          [
            -119.20020655008364,
            40.77311389415084
          ],
          [
            -119.20060296703835,
            40.7730709720906
          ]
        ]
      }
    },
    {
      "type": "Feature",
      "properties": {
        "name": "4:00",
        "kind": "avenue",
        "street_status": "autofilled"
      },
      "geometry": {
        "type": "LineString",
        "coordinates": [
          [
            -119.1982384014586,
            40.773428328159845
          ],
          [
            -119.19797690257629,
            40.77268594156521
          ]
        ]
      }
    },
    {
      "type": "Feature",
      "properties": {
        "name": "4:30",
        "kind": "avenue",
        "street_status": "autofilled"
      },
      "geometry": {
        "type": "LineString",
        "coordinates": [
          [
            -119.20300855886406,
            40.773719818708884
          ],
          [
            -119.20300864373597,
            40.77295127617553
          ]
        ]
      }
    },
    {
      "type": "Feature",
      "properties": {
        "name": "5:30",
        "kind": "avenue",
        "street_status": "autofilled"
      },
      "geometry": {
        "type": "LineString",
        "coordinates": [
          [
            -119.21305427096367,
            40.773735302110154
          ],
          [
            -119.21339723329412,
            40.77328364813656
          ]
        ]
      }
    },
    {
      "type": "Feature",
      "properties": {
        "name": "J",
        "kind": "annular",
        "street_status": "autofilled"
      },
      "geometry": {
        "type": "LineString",
        "coordinates": [
          [
            -119.21069720729412,
            40.772851626993486
          ],
          [
            -119.21103959786932,
            40.77296213667073
          ],
          [
            -119.21138023491643,
            40.77307793798796
          ],
          [
            -119.21171903666126,
            40.77319900314561
          ],
          [
            -119.2120559217702,
            40.77332530308048
          ],
          [
            -119.21239080936975,
            40.773456807472684
          ],
          [
            -119.21272361906595,
            40.773593484752936
          ],
          [
            -119.21305427096367,
            40.773735302110154
          ]
        ]
      }
    },
    {
      "type": "Feature",
      "properties": {
        "name": "J",
        "kind": "annular",
        "street_status": "autofilled"
      },
      "geometry": {
        "type": "LineString",
        "coordinates": [
          [
            -119.19296284348462,
            40.77373403008039
          ],
          [
            -119.19329352670155,
            40.77359225459309
          ],
          [
            -119.19362636658126,
            40.773455619456094
          ],
          [
            -119.19396128322133,
            40.77332415747037
          ],
          [
            -119.19429819622079,
            40.77319790019503
          ],
          [
            -119.19463702469946,
            40.77307687793973
          ],
          [
            -119.19497768731732,
            40.77296111975736
          ],
          [
            -119.19532010229399,
            40.77285065343716
          ]
        ]
      }
    },
    {
      "type": "Feature",
      "properties": {
        "name": "3:30",
        "kind": "avenue",
        "street_status": "autofilled"
      },
      "geometry": {
        "type": "LineString",
        "coordinates": [
          [
            -119.19296284348462,
            40.77373403008039
          ],
          [
            -119.19261998091332,
            40.77328233268579
          ]
        ]
      }
    },
    {
      "type": "Feature",
      "properties": {
        "name": "4:45",
        "kind": "path",
        "street_status": "autofilled"
      },
      "geometry": {
        "type": "LineString",
        "coordinates": [
          [
            -119.20528228866118,
            40.77383324061905
          ],
          [
            -119.20541429277868,
            40.77307127850665
          ]
        ]
      }
    },
    {
      "type": "Feature",
      "properties": {
        "name": "G",
        "kind": "annular",
        "street_status": "autofilled"
      },
      "geometry": {
        "type": "LineString",
        "coordinates": [
          [
            -119.20300855886406,
            40.773719818708884
          ],
          [
            -119.20338812549174,
            40.773722970431905
          ],
          [
            -119.20376758706301,
            40.7737324281474
          ],
          [
            -119.20414683881961,
            40.77374818924436
          ],
          [
            -119.2045257760612,
            40.7737702493716
          ],
          [
            -119.20490429417433,
            40.77379860243899
          ],
          [
            -119.20528228866118,
            40.77383324061905
          ]
        ]
      }
    },
    {
      "type": "Feature",
      "properties": {
        "name": "G",
        "kind": "annular",
        "street_status": "autofilled"
      },
      "geometry": {
        "type": "LineString",
        "coordinates": [
          [
            -119.20073480404754,
            40.77383295450945
          ],
          [
            -119.20111280616871,
            40.77379836388985
          ],
          [
            -119.20149133053235,
            40.77377005845026
          ],
          [
            -119.20187027263891,
            40.77374804600499
          ],
          [
            -119.20224952787353,
            40.77373233263103
          ],
          [
            -119.20262899153487,
            40.77372292266639
          ],
          [
            -119.20300855886406,
            40.773719818708884
          ]
        ]
      }
    },
    {
      "type": "Feature",
      "properties": {
        "name": "4:15",
        "kind": "path",
        "street_status": "autofilled"
      },
      "geometry": {
        "type": "LineString",
        "coordinates": [
          [
            -119.20073480404754,
            40.77383295450945
          ],
          [
            -119.20060296703835,
            40.7730709720906
          ]
        ]
      }
    },
    {
      "type": "Feature",
      "properties": {
        "name": "5:15",
        "kind": "path",
        "street_status": "autofilled"
      },
      "geometry": {
        "type": "LineString",
        "coordinates": [
          [
            -119.21006167186125,
            40.774018121439006
          ],
          [
            -119.21044852303777,
            40.773308080807624
          ]
        ]
      }
    },
    {
      "type": "Feature",
      "properties": {
        "name": "H",
        "kind": "annular",
        "street_status": "autofilled"
      },
      "geometry": {
        "type": "LineString",
        "coordinates": [
          [
            -119.2077787793982,
            40.77342893037989
          ],
          [
            -119.20816332921734,
            40.77351058246133
          ],
          [
            -119.20854640503886,
            40.77359889051047
          ],
          [
            -119.20892789166959,
            40.7736938279726
          ],
          [
            -119.20930767439435,
            40.77379536629945
          ],
          [
            -119.20968563901029,
            40.77390347495789
          ],
          [
            -119.21006167186125,
            40.774018121439006
          ]
        ]
      }
    },
    {
      "type": "Feature",
      "properties": {
        "name": "H",
        "kind": "annular",
        "street_status": "autofilled"
      },
      "geometry": {
        "type": "LineString",
        "coordinates": [
          [
            -119.19595538008072,
            40.77401722834056
          ],
          [
            -119.19633143806958,
            40.77390262979957
          ],
          [
            -119.19670942637134,
            40.77379456931657
          ],
          [
            -119.19708923132298,
            40.773693079385886
          ],
          [
            -119.19747073871515,
            40.77359819052608
          ],
          [
            -119.19785383382658,
            40.77350993127074
          ],
          [
            -119.1982384014586,
            40.773428328159845
          ]
        ]
      }
    },
    {
      "type": "Feature",
      "properties": {
        "name": "3:45",
        "kind": "path",
        "street_status": "autofilled"
      },
      "geometry": {
        "type": "LineString",
        "coordinates": [
          [
            -119.19595538008072,
            40.77401722834056
          ],
          [
            -119.19556868454849,
            40.773307136032656
          ]
        ]
      }
    },
    {
      "type": "Feature",
      "properties": {
        "name": "5:30",
        "kind": "avenue",
        "street_status": "autofilled"
      },
      "geometry": {
        "type": "LineString",
        "coordinates": [
          [
            -119.21272935724332,
            40.774163180816224
          ],
          [
            -119.21305427096367,
            40.773735302110154
          ]
        ]
      }
    },
    {
      "type": "Feature",
      "properties": {
        "name": "I",
        "kind": "annular",
        "street_status": "autofilled"
      },
      "geometry": {
        "type": "LineString",
        "coordinates": [
          [
            -119.21044852303777,
            40.773308080807624
          ],
          [
            -119.21077984045465,
            40.77341501697103
          ],
          [
            -119.21110946103947,
            40.773527073660546
          ],
          [
            -119.21143730566205,
            40.77364422397533
          ],
          [
            -119.21176329561847,
            40.77376643979175
          ],
          [
            -119.21208735265012,
            40.773893691770105
          ],
          [
            -119.21240939896236,
            40.77402594936172
          ],
          [
            -119.21272935724332,
            40.774163180816224
          ]
        ]
      }
    },
    {
      "type": "Feature",
      "properties": {
        "name": "I",
        "kind": "annular",
        "street_status": "autofilled"
      },
      "geometry": {
        "type": "LineString",
        "coordinates": [
          [
            -119.19328766269727,
            40.774161949922416
          ],
          [
            -119.19360765109383,
            40.77402475859625
          ],
          [
            -119.19392972643001,
            40.77389254139776
          ],
          [
            -119.19425381138684,
            40.77376533006765
          ],
          [
            -119.1945798281629,
            40.77364315514489
          ],
          [
            -119.19490769849298,
            40.773526045959414
          ],
          [
            -119.19523734366693,
            40.77341403062501
          ],
          [
            -119.19556868454849,
            40.773307136032656
          ]
        ]
      }
    },
    {
      "type": "Feature",
      "properties": {
        "name": "3:30",
        "kind": "avenue",
        "street_status": "autofilled"
      },
      "geometry": {
        "type": "LineString",
        "coordinates": [
          [
            -119.19328766269727,
            40.774161949922416
          ],
          [
            -119.19296284348462,
            40.77373403008039
          ]
        ]
      }
    },
    {
      "type": "Feature",
      "properties": {
        "name": "G",
        "kind": "annular",
        "street_status": "autofilled"
      },
      "geometry": {
        "type": "LineString",
        "coordinates": [
          [
            -119.19849990497896,
            40.77417070866319
          ],
          [
            -119.19886984001086,
            40.774098744680884
          ],
          [
            -119.19924093517041,
            40.77403302623355
          ],
          [
            -119.19961308502145,
            40.77397357199324
          ],
          [
            -119.1999861838282,
            40.77392039885217
          ],
          [
            -119.20036012558519,
            40.77387352191799
          ],
          [
            -119.20073480404754,
            40.77383295450945
          ]
        ]
      }
    },
    {
      "type": "Feature",
      "properties": {
        "name": "4:00",
        "kind": "avenue",
        "street_status": "autofilled"
      },
      "geometry": {
        "type": "LineString",
        "coordinates": [
          [
            -119.19849990497896,
            40.77417070866319
          ],
          [
            -119.1982384014586,
            40.773428328159845
          ]
        ]
      }
    },
    {
      "type": "Feature",
      "properties": {
        "name": "5:00",
        "kind": "avenue",
        "street_status": "autofilled"
      },
      "geometry": {
        "type": "LineString",
        "coordinates": [
          [
            -119.20751711073123,
            40.774171283163284
          ],
          [
            -119.2077787793982,
            40.77342893037989
          ]
        ]
      }
    },
    {
      "type": "Feature",
      "properties": {
        "name": "G",
        "kind": "annular",
        "street_status": "autofilled"
      },
      "geometry": {
        "type": "LineString",
        "coordinates": [
          [
            -119.20528228866118,
            40.77383324061905
          ],
          [
            -119.20565695780384,
            40.77387385638437
          ],
          [
            -119.20603088883139,
            40.773920781576905
          ],
          [
            -119.2064039755019,
            40.77397400286418
          ],
          [
            -119.20677611181335,
            40.77403350512489
          ],
          [
            -119.20714719203379,
            40.77409927145314
          ],
          [
            -119.20751711073123,
            40.774171283163284
          ]
        ]
      }
    },
    {
      "type": "Feature",
      "properties": {
        "name": "K",
        "kind": "annular",
        "street_status": "autofilled"
      },
      "geometry": {
        "type": "LineString",
        "coordinates": [
          [
            -119.21339723329412,
            40.77328364813656
          ],
          [
            -119.21372789583083,
            40.773431688808515
          ],
          [
            -119.21405609461962,
            40.77358511363192
          ],
          [
            -119.21438174200163,
            40.77374388162843
          ],
          [
            -119.21470475099952,
            40.773907950392584
          ],
          [
            -119.21502503534056,
            40.77407727610315
          ],
          [
            -119.21534250947978,
            40.7742518135348
          ],
          [
            -119.21565708862282,
            40.77443151607022
          ]
        ]
      }
    },
    {
      "type": "Feature",
      "properties": {
        "name": "K",
        "kind": "annular",
        "street_status": "autofilled"
      },
      "geometry": {
        "type": "LineString",
        "coordinates": [
          [
            -119.19035987327713,
            40.77442991445148
          ],
          [
            -119.1906744919397,
            40.77425025176323
          ],
          [
            -119.19099200445645,
            40.77407575454147
          ],
          [
            -119.19131232602277,
            40.773906469392784
          ],
          [
            -119.19163537108379,
            40.77374244153164
          ],
          [
            -119.19196105335719,
            40.773583714768336
          ],
          [
            -119.19228928585632,
            40.77343033149731
          ],
          [
            -119.19261998091332,
            40.77328233268579
          ]
        ]
      }
    },
    {
      "type": "Feature",
      "properties": {
        "name": "4:30",
        "kind": "avenue",
        "street_status": "autofilled"
      },
      "geometry": {
        "type": "LineString",
        "coordinates": [
          [
            -119.20300847399196,
            40.774488362940566
          ],
          [
            -119.20300855886406,
            40.773719818708884
          ]
        ]
      }
    },
    {
      "type": "Feature",
      "properties": {
        "name": "4:45",
        "kind": "path",
        "street_status": "autofilled"
      },
      "geometry": {
        "type": "LineString",
        "coordinates": [
          [
            -119.20515028153042,
            40.774595200678526
          ],
          [
            -119.20528228866118,
            40.77383324061905
          ]
        ]
      }
    },
    {
      "type": "Feature",
      "properties": {
        "name": "F",
        "kind": "annular",
        "street_status": "autofilled"
      },
      "geometry": {
        "type": "LineString",
        "coordinates": [
          [
            -119.20300847399196,
            40.774488362940566
          ],
          [
            -119.20336601806414,
            40.77449133123389
          ],
          [
            -119.20372346318473,
            40.77450023964362
          ],
          [
            -119.2040807106736,
            40.7745150857104
          ],
          [
            -119.20443766190519,
            40.77453586533565
          ],
          [
            -119.2047942183357,
            40.77456257278275
          ],
          [
            -119.20515028153042,
            40.774595200678526
          ]
        ]
      }
    },
    {
      "type": "Feature",
      "properties": {
        "name": "F",
        "kind": "annular",
        "street_status": "autofilled"
      },
      "geometry": {
        "type": "LineString",
        "coordinates": [
          [
            -119.20086664288674,
            40.77459492947254
          ],
          [
            -119.20122271328458,
            40.77456234666319
          ],
          [
            -119.20157927560994,
            40.774535684364984
          ],
          [
            -119.20193623142637,
            40.77451494993861
          ],
          [
            -119.20229348218888,
            40.774500149108235
          ],
          [
            -119.20265092927096,
            40.77449128595993
          ],
          [
            -119.20300847399196,
            40.774488362940566
          ]
        ]
      }
    },
    {
      "type": "Feature",
      "properties": {
        "name": "4:15",
        "kind": "path",
        "street_status": "autofilled"
      },
      "geometry": {
        "type": "LineString",
        "coordinates": [
          [
            -119.20086664288674,
            40.77459492947254
          ],
          [
            -119.20073480404754,
            40.77383295450945
          ]
        ]
      }
    },
    {
      "type": "Feature",
      "properties": {
        "name": "5:15",
        "kind": "path",
        "street_status": "autofilled"
      },
      "geometry": {
        "type": "LineString",
        "coordinates": [
          [
            -119.20967481245157,
            40.77472815978614
          ],
          [
            -119.21006167186125,
            40.774018121439006
          ]
        ]
      }
    },
    {
      "type": "Feature",
      "properties": {
        "name": "G",
        "kind": "annular",
        "street_status": "autofilled"
      },
      "geometry": {
        "type": "LineString",
        "coordinates": [
          [
            -119.20751711073123,
            40.774171283163284
          ],
          [
            -119.20788057233676,
            40.77424845685311
          ],
          [
            -119.20824264078549,
            40.77433192152066
          ],
          [
            -119.20860320720085,
            40.77442165206753
          ],
          [
            -119.20896216315793,
            40.7745176215111
          ],
          [
            -119.20931940071614,
            40.774619800992674
          ],
          [
            -119.20967481245157,
            40.77472815978614
          ]
        ]
      }
    },
    {
      "type": "Feature",
      "properties": {
        "name": "G",
        "kind": "annular",
        "street_status": "autofilled"
      },
      "geometry": {
        "type": "LineString",
        "coordinates": [
          [
            -119.19634208384684,
            40.77472731746474
          ],
          [
            -119.19669751887896,
            40.774619002795355
          ],
          [
            -119.19705477838451,
            40.77451686766079
          ],
          [
            -119.19741375493287,
            40.77442094277385
          ],
          [
            -119.19777434057713,
            40.774331256979856
          ],
          [
            -119.1981364268865,
            40.77424783724799
          ],
          [
            -119.19849990497896,
            40.77417070866319
          ]
        ]
      }
    },
    {
      "type": "Feature",
      "properties": {
        "name": "3:45",
        "kind": "path",
        "street_status": "autofilled"
      },
      "geometry": {
        "type": "LineString",
        "coordinates": [
          [
            -119.19634208384684,
            40.77472731746474
          ],
          [
            -119.19595538008072,
            40.77401722834056
          ]
        ]
      }
    },
    {
      "type": "Feature",
      "properties": {
        "name": "H",
        "kind": "annular",
        "street_status": "autofilled"
      },
      "geometry": {
        "type": "LineString",
        "coordinates": [
          [
            -119.1937929429434,
            40.774827598928916
          ],
          [
            -119.19414704907624,
            40.77467632147286
          ],
          [
            -119.19450383149398,
            40.774531469305714
          ],
          [
            -119.19486317361573,
            40.77439308975881
          ],
          [
            -119.1952249580242,
            40.77426122804853
          ],
          [
            -119.1955890665041,
            40.77413592726151
          ],
          [
            -119.19595538008072,
            40.77401722834056
          ]
        ]
      }
    },
    {
      "type": "Feature",
      "properties": {
        "name": "3:30",
        "kind": "avenue",
        "street_status": "autofilled"
      },
      "geometry": {
        "type": "LineString",
        "coordinates": [
          [
            -119.1937929429434,
            40.774827598928916
          ],
          [
            -119.19328766269727,
            40.774161949922416
          ]
        ]
      }
    },
    {
      "type": "Feature",
      "properties": {
        "name": "5:30",
        "kind": "avenue",
        "street_status": "autofilled"
      },
      "geometry": {
        "type": "LineString",
        "coordinates": [
          [
            -119.21222392880152,
            40.77482876673321
          ],
          [
            -119.21272935724332,
            40.774163180816224
          ]
        ]
      }
    },
    {
      "type": "Feature",
      "properties": {
        "name": "H",
        "kind": "annular",
        "street_status": "autofilled"
      },
      "geometry": {
        "type": "LineString",
        "coordinates": [
          [
            -119.21006167186125,
            40.774018121439006
          ],
          [
            -119.21042795902778,
            40.774136866900626
          ],
          [
            -119.21079203963588,
            40.77426221394582
          ],
          [
            -119.21115379471995,
            40.774394121616666
          ],
          [
            -119.21151310607424,
            40.77453254681152
          ],
          [
            -119.21186985629156,
            40.77467744429909
          ],
          [
            -119.21222392880152,
            40.77482876673321
          ]
        ]
      }
    },
    {
      "type": "Feature",
      "properties": {
        "name": "5:45",
        "kind": "avenue",
        "street_status": "autofilled"
      },
      "geometry": {
        "type": "LineString",
        "coordinates": [
          [
            -119.2152395219192,
            40.774845283123284
          ],
          [
            -119.21565708862282,
            40.77443151607022
          ]
        ]
      }
    },
    {
      "type": "Feature",
      "properties": {
        "name": "J",
        "kind": "annular",
        "street_status": "autofilled"
      },
      "geometry": {
        "type": "LineString",
        "coordinates": [
          [
            -119.21305427096367,
            40.773735302110154
          ],
          [
            -119.21337401747853,
            40.773878456491154
          ],
          [
            -119.21369138154743,
            40.77402681731682
          ],
          [
            -119.21400627840414,
            40.77418034496076
          ],
          [
            -119.2143186239414,
            40.774338998416574
          ],
          [
            -119.2146283347334,
            40.774502735308765
          ],
          [
            -119.2149353280581,
            40.77467151190411
          ],
          [
            -119.2152395219192,
            40.774845283123284
          ]
        ]
      }
    },
    {
      "type": "Feature",
      "properties": {
        "name": "J",
        "kind": "annular",
        "street_status": "autofilled"
      },
      "geometry": {
        "type": "LineString",
        "coordinates": [
          [
            -119.19077734858848,
            40.774843734372794
          ],
          [
            -119.19108158065919,
            40.7746700016857
          ],
          [
            -119.19138861108914,
            40.77450126397307
          ],
          [
            -119.19169835787221,
            40.774337566303814
          ],
          [
            -119.19201073827671,
            40.774178952400696
          ],
          [
            -119.19232566886755,
            40.7740254646286
          ],
          [
            -119.19264306552849,
            40.773877143983285
          ],
          [
            -119.19296284348462,
            40.77373403008039
          ]
        ]
      }
    },
    {
      "type": "Feature",
      "properties": {
        "name": "3:15",
        "kind": "path",
        "street_status": "autofilled"
      },
      "geometry": {
        "type": "LineString",
        "coordinates": [
          [
            -119.19077734858848,
            40.774843734372794
          ],
          [
            -119.19035987327713,
            40.77442991445148
          ]
        ]
      }
    },
    {
      "type": "Feature",
      "properties": {
        "name": "5:00",
        "kind": "avenue",
        "street_status": "autofilled"
      },
      "geometry": {
        "type": "LineString",
        "coordinates": [
          [
            -119.20725543742729,
            40.774913631655835
          ],
          [
            -119.20751711073123,
            40.774171283163284
          ]
        ]
      }
    },
    {
      "type": "Feature",
      "properties": {
        "name": "F",
        "kind": "annular",
        "street_status": "autofilled"
      },
      "geometry": {
        "type": "LineString",
        "coordinates": [
          [
            -119.20515028153042,
            40.774595200678526
          ],
          [
            -119.20550321208478,
            40.77463346018328
          ],
          [
            -119.20585544734384,
            40.77467766304675
          ],
          [
            -119.20620688722963,
            40.77472779670991
          ],
          [
            -119.20655743189012,
            40.77478384692865
          ],
          [
            -119.20690698172767,
            40.774845797777836
          ],
          [
            -119.20725543742729,
            40.774913631655835
          ]
        ]
      }
    },
    {
      "type": "Feature",
      "properties": {
        "name": "F",
        "kind": "annular",
        "street_status": "autofilled"
      },
      "geometry": {
        "type": "LineString",
        "coordinates": [
          [
            -119.19876141668898,
            40.77491309478242
          ],
          [
            -119.19910988736058,
            40.774845304874205
          ],
          [
            -119.19945945087294,
            40.774783398134794
          ],
          [
            -119.1998100079071,
            40.77472739215328
          ],
          [
            -119.20016145886187,
            40.77467730284224
          ],
          [
            -119.20051370388202,
            40.774633144433196
          ],
          [
            -119.20086664288674,
            40.77459492947254
          ]
        ]
      }
    },
    {
      "type": "Feature",
      "properties": {
        "name": "4:00",
        "kind": "avenue",
        "street_status": "autofilled"
      },
      "geometry": {
        "type": "LineString",
        "coordinates": [
          [
            -119.19876141668898,
            40.77491309478242
          ],
          [
            -119.19849990497896,
            40.77417070866319
          ]
        ]
      }
    },
    {
      "type": "Feature",
      "properties": {
        "name": "5:45",
        "kind": "avenue",
        "street_status": "autofilled"
      },
      "geometry": {
        "type": "LineString",
        "coordinates": [
          [
            -119.21484393791847,
            40.775237262299946
          ],
          [
            -119.2152395219192,
            40.774845283123284
          ]
        ]
      }
    },
    {
      "type": "Feature",
      "properties": {
        "name": "I",
        "kind": "annular",
        "street_status": "autofilled"
      },
      "geometry": {
        "type": "LineString",
        "coordinates": [
          [
            -119.21272935724332,
            40.774163180816224
          ],
          [
            -119.2130387632796,
            40.77430170510777
          ],
          [
            -119.21334586391349,
            40.77444526749635
          ],
          [
            -119.21365057711922,
            40.77459382963682
          ],
          [
            -119.21395282150867,
            40.77474735184862
          ],
          [
            -119.21425251635311,
            40.77490579312634
          ],
          [
            -119.21454958160484,
            40.77506911115072
          ],
          [
            -119.21484393791847,
            40.775237262299946
          ]
        ]
      }
    },
    {
      "type": "Feature",
      "properties": {
        "name": "I",
        "kind": "annular",
        "street_status": "autofilled"
      },
      "geometry": {
        "type": "LineString",
        "coordinates": [
          [
            -119.19117284837819,
            40.7752357645354
          ],
          [
            -119.19146724131615,
            40.77506765056116
          ],
          [
            -119.19176434212528,
            40.7749043700451
          ],
          [
            -119.19206407145076,
            40.774745966599
          ],
          [
            -119.19236634923568,
            40.774592482532
          ],
          [
            -119.19267109474244,
            40.7744439588393
          ],
          [
            -119.19297822657434,
            40.774300435191186
          ],
          [
            -119.19328766269727,
            40.774161949922416
          ]
        ]
      }
    },
    {
      "type": "Feature",
      "properties": {
        "name": "3:15",
        "kind": "path",
        "street_status": "autofilled"
      },
      "geometry": {
        "type": "LineString",
        "coordinates": [
          [
            -119.19117284837819,
            40.7752357645354
          ],
          [
            -119.19077734858848,
            40.774843734372794
          ]
        ]
      }
    },
    {
      "type": "Feature",
      "properties": {
        "name": "5:15",
        "kind": "path",
        "street_status": "autofilled"
      },
      "geometry": {
        "type": "LineString",
        "coordinates": [
          [
            -119.20928794599283,
            40.77543819584896
          ],
          [
            -119.20967481245157,
            40.77472815978614
          ]
        ]
      }
    },
    {
      "type": "Feature",
      "properties": {
        "name": "F",
        "kind": "annular",
        "street_status": "autofilled"
      },
      "geometry": {
        "type": "LineString",
        "coordinates": [
          [
            -119.20725543742729,
            40.774913631655835
          ],
          [
            -119.20759781043327,
            40.77498632729979
          ],
          [
            -119.20793887111681,
            40.775064948927145
          ],
          [
            -119.20827851691793,
            40.77514947289565
          ],
          [
            -119.20861664570208,
            40.77523987378821
          ],
          [
            -119.20895315579091,
            40.775336124420456
          ],
          [
            -119.20928794599283,
            40.77543819584896
          ]
        ]
      }
    },
    {
      "type": "Feature",
      "properties": {
        "name": "F",
        "kind": "annular",
        "street_status": "autofilled"
      },
      "geometry": {
        "type": "LineString",
        "coordinates": [
          [
            -119.19672879229427,
            40.7754374007031
          ],
          [
            -119.1970636050445,
            40.775335371821704
          ],
          [
            -119.19740013639237,
            40.7752391639531
          ],
          [
            -119.19773828513989,
            40.775148806027865
          ],
          [
            -119.19807794960276,
            40.77506432521741
          ],
          [
            -119.19841902764084,
            40.774985746925864
          ],
          [
            -119.19876141668898,
            40.77491309478242
          ]
        ]
      }
    },
    {
      "type": "Feature",
      "properties": {
        "name": "3:45",
        "kind": "path",
        "street_status": "autofilled"
      },
      "geometry": {
        "type": "LineString",
        "coordinates": [
          [
            -119.19672879229427,
            40.7754374007031
          ],
          [
            -119.19634208384684,
            40.77472731746474
          ]
        ]
      }
    },
    {
      "type": "Feature",
      "properties": {
        "name": "G",
        "kind": "annular",
        "street_status": "autofilled"
      },
      "geometry": {
        "type": "LineString",
        "coordinates": [
          [
            -119.19429823801154,
            40.7754932501505
          ],
          [
            -119.19463292436023,
            40.77535026820213
          ],
          [
            -119.19497014025299,
            40.77521335921001
          ],
          [
            -119.19530977550095,
            40.77508256791058
          ],
          [
            -119.19565171912467,
            40.7749579370413
          ],
          [
            -119.19599585939046,
            40.77483950732663
          ],
          [
            -119.19634208384684,
            40.77472731746474
          ]
        ]
      }
    },
    {
      "type": "Feature",
      "properties": {
        "name": "3:30",
        "kind": "avenue",
        "street_status": "autofilled"
      },
      "geometry": {
        "type": "LineString",
        "coordinates": [
          [
            -119.19429823801154,
            40.7754932501505
          ],
          [
            -119.1937929429434,
            40.774827598928916
          ]
        ]
      }
    },
    {
      "type": "Feature",
      "properties": {
        "name": "5:30",
        "kind": "avenue",
        "street_status": "autofilled"
      },
      "geometry": {
        "type": "LineString",
        "coordinates": [
          [
            -119.21171848790627,
            40.7754943539629
          ],
          [
            -119.21222392880152,
            40.77482876673321
          ]
        ]
      }
    },
    {
      "type": "Feature",
      "properties": {
        "name": "G",
        "kind": "annular",
        "street_status": "autofilled"
      },
      "geometry": {
        "type": "LineString",
        "coordinates": [
          [
            -119.20967481245157,
            40.77472815978614
          ],
          [
            -119.21002101195279,
            40.774840393934824
          ],
          [
            -119.21036512587504,
            40.774958867673455
          ],
          [
            -119.21070704177534,
            40.77508354228943
          ],
          [
            -119.21104664792885,
            40.77521437704396
          ],
          [
            -119.21138383336552,
            40.77535132918532
          ],
          [
            -119.21171848790627,
            40.7754943539629
          ]
        ]
      }
    },
    {
      "type": "Feature",
      "properties": {
        "name": "K",
        "kind": "annular",
        "street_status": "autofilled"
      },
      "geometry": {
        "type": "LineString",
        "coordinates": [
          [
            -119.21565708862282,
            40.77443151607022
          ],
          [
            -119.21595896536937,
            40.77461072975933
          ],
          [
            -119.21625767668651,
            40.77479517100103
          ],
          [
            -119.21655313206412,
            40.77498478390922
          ],
          [
            -119.21684524197852,
            40.775179511030785
          ],
          [
            -119.21713391791984,
            40.77537929336298
          ],
          [
            -119.21741907241862,
            40.77558407037135
          ],
          [
            -119.21770061907242,
            40.77579378000801
          ]
        ]
      }
    },
    {
      "type": "Feature",
      "properties": {
        "name": "K",
        "kind": "annular",
        "street_status": "autofilled"
      },
      "geometry": {
        "type": "LineString",
        "coordinates": [
          [
            -119.18831604079554,
            40.7757919196099
          ],
          [
            -119.18859763393048,
            40.77558224561447
          ],
          [
            -119.1888828338216,
            40.77537750470814
          ],
          [
            -119.18917155405266,
            40.77517775892788
          ],
          [
            -119.18946370714079,
            40.77498306879714
          ],
          [
            -119.18975920456288,
            40.77479349330747
          ],
          [
            -119.19005795678254,
            40.77460908990069
          ],
          [
            -119.19035987327713,
            40.77442991445148
          ]
        ]
      }
    },
    {
      "type": "Feature",
      "properties": {
        "name": "4:30",
        "kind": "avenue",
        "street_status": "autofilled"
      },
      "geometry": {
        "type": "LineString",
        "coordinates": [
          [
            -119.20300832698189,
            40.77581958683753
          ],
          [
            -119.20300847399196,
            40.774488362940566
          ]
        ]
      }
    },
    {
      "type": "Feature",
      "properties": {
        "name": "5:45",
        "kind": "avenue",
        "street_status": "autofilled"
      },
      "geometry": {
        "type": "LineString",
        "coordinates": [
          [
            -119.214228567892,
            40.77584701154298
          ],
          [
            -119.21484393791847,
            40.775237262299946
          ]
        ]
      }
    },
    {
      "type": "Feature",
      "properties": {
        "name": "H",
        "kind": "annular",
        "street_status": "autofilled"
      },
      "geometry": {
        "type": "LineString",
        "coordinates": [
          [
            -119.21222392880152,
            40.77482876673321
          ],
          [
            -119.21256592447313,
            40.774982442204745
          ],
          [
            -119.21290492765952,
            40.77514261044513
          ],
          [
            -119.21324081511483,
            40.77530921322458
          ],
          [
            -119.21357346472587,
            40.77548218997402
          ],
          [
            -119.21390275555657,
            40.77566147780708
          ],
          [
            -119.214228567892,
            40.77584701154298
          ]
        ]
      }
    },
    {
      "type": "Feature",
      "properties": {
        "name": "H",
        "kind": "annular",
        "street_status": "autofilled"
      },
      "geometry": {
        "type": "LineString",
        "coordinates": [
          [
            -119.19178808253994,
            40.77584559078992
          ],
          [
            -119.19211393525444,
            40.775660098196724
          ],
          [
            -119.19244326508506,
            40.77548085193289
          ],
          [
            -119.19277595230277,
            40.77530791716404
          ],
          [
            -119.19311187595794,
            40.77514135676125
          ],
          [
            -119.19345091392431,
            40.77498123127814
          ],
          [
            -119.1937929429434,
            40.774827598928916
          ]
        ]
      }
    },
    {
      "type": "Feature",
      "properties": {
        "name": "3:15",
        "kind": "path",
        "street_status": "autofilled"
      },
      "geometry": {
        "type": "LineString",
        "coordinates": [
          [
            -119.19178808253994,
            40.77584559078992
          ],
          [
            -119.19117284837819,
            40.7752357645354
          ]
        ]
      }
    },
    {
      "type": "Feature",
      "properties": {
        "name": "5:30",
        "kind": "avenue",
        "street_status": "autofilled"
      },
      "geometry": {
        "type": "LineString",
        "coordinates": [
          [
            -119.21121304047945,
            40.77615993440024
          ],
          [
            -119.21171848790627,
            40.7754943539629
          ]
        ]
      }
    },
    {
      "type": "Feature",
      "properties": {
        "name": "F",
        "kind": "annular",
        "street_status": "autofilled"
      },
      "geometry": {
        "type": "LineString",
        "coordinates": [
          [
            -119.20928794599283,
            40.77543819584896
          ],
          [
            -119.20961405787149,
            40.77554391795717
          ],
          [
            -119.20993820516759,
            40.77565551765167
          ],
          [
            -119.21026028196103,
            40.775772958465545
          ],
          [
            -119.21058018300835,
            40.77589620202325
          ],
          [
            -119.21089780377696,
            40.776025208053035
          ],
          [
            -119.21121304047945,
            40.77615993440024
          ]
        ]
      }
    },
    {
      "type": "Feature",
      "properties": {
        "name": "F",
        "kind": "annular",
        "street_status": "autofilled"
      },
      "geometry": {
        "type": "LineString",
        "coordinates": [
          [
            -119.19480354198096,
            40.77615889818298
          ],
          [
            -119.19511880782296,
            40.77602421132671
          ],
          [
            -119.19543645647555,
            40.775895245080285
          ],
          [
            -119.19575638414211,
            40.77577204158543
          ],
          [
            -119.19607848628137,
            40.77565464110079
          ],
          [
            -119.19640265764141,
            40.77554308198879
          ],
          [
            -119.19672879229427,
            40.7754374007031
          ]
        ]
      }
    },
    {
      "type": "Feature",
      "properties": {
        "name": "3:30",
        "kind": "avenue",
        "street_status": "autofilled"
      },
      "geometry": {
        "type": "LineString",
        "coordinates": [
          [
            -119.19480354198096,
            40.77615889818298
          ],
          [
            -119.19429823801154,
            40.7754932501505
          ]
        ]
      }
    },
    {
      "type": "Feature",
      "properties": {
        "name": "6:00",
        "kind": "avenue",
        "street_status": "autofilled"
      },
      "geometry": {
        "type": "LineString",
        "coordinates": [
          [
            -119.21770061907242,
            40.77579378000801
          ],
          [
            -119.21721558569794,
            40.776162580847775
          ]
        ]
      }
    },
    {
      "type": "Feature",
      "properties": {
        "name": "J",
        "kind": "annular",
        "street_status": "autofilled"
      },
      "geometry": {
        "type": "LineString",
        "coordinates": [
          [
            -119.2152395219192,
            40.774845283123284
          ],
          [
            -119.21553143242991,
            40.77501858120167
          ],
          [
            -119.21582028196887,
            40.77519693429622
          ],
          [
            -119.21610598301241,
            40.775380288364545
          ],
          [
            -119.21638844899084,
            40.77556858784892
          ],
          [
            -119.21666759431476,
            40.77576177569312
          ],
          [
            -119.21694333440094,
            40.77595979335971
          ],
          [
            -119.21721558569794,
            40.776162580847775
          ]
        ]
      }
    },
    {
      "type": "Feature",
      "properties": {
        "name": "J",
        "kind": "annular",
        "street_status": "autofilled"
      },
      "geometry": {
        "type": "LineString",
        "coordinates": [
          [
            -119.18880099152373,
            40.77616078186126
          ],
          [
            -119.18907328794052,
            40.775958028826125
          ],
          [
            -119.18934907209439,
            40.77576004606191
          ],
          [
            -119.1896282604205,
            40.775566893559
          ],
          [
            -119.1899107683225,
            40.7753786298442
          ],
          [
            -119.19019651019819,
            40.77519531196292
          ],
          [
            -119.19048539946546,
            40.775016995462
          ],
          [
            -119.19077734858848,
            40.774843734372794
          ]
        ]
      }
    },
    {
      "type": "Feature",
      "properties": {
        "name": "3:00",
        "kind": "avenue",
        "street_status": "autofilled"
      },
      "geometry": {
        "type": "LineString",
        "coordinates": [
          [
            -119.18880099152373,
            40.77616078186126
          ],
          [
            -119.18831604079554,
            40.7757919196099
          ]
        ]
      }
    },
    {
      "type": "Feature",
      "properties": {
        "name": "5:00",
        "kind": "avenue",
        "street_status": "autofilled"
      },
      "geometry": {
        "type": "LineString",
        "coordinates": [
          [
            -119.20680216704905,
            40.77619948406673
          ],
          [
            -119.20725543742729,
            40.774913631655835
          ]
        ]
      }
    },
    {
      "type": "Feature",
      "properties": {
        "name": "E",
        "kind": "annular",
        "street_status": "autofilled"
      },
      "geometry": {
        "type": "LineString",
        "coordinates": [
          [
            -119.20300832698189,
            40.77581958683753
          ],
          [
            -119.20335551168928,
            40.77582258634129
          ],
          [
            -119.20370258370731,
            40.77583191506681
          ],
          [
            -119.20404942766324,
            40.77584756991307
          ],
          [
            -119.20439592826013,
            40.77586954567612
          ],
          [
            -119.20474197031518,
            40.77589783505084
          ],
          [
            -119.20508743879807,
            40.77593242863336
          ],
          [
            -119.20543221886906,
            40.775973314924165
          ],
          [
            -119.20577619591731,
            40.77602048033196
          ],
          [
            -119.20611925559889,
            40.776073909178116
          ],
          [
            -119.20646128387483,
            40.77613358370199
          ],
          [
            -119.20680216704905,
            40.77619948406673
          ]
        ]
      }
    },
    {
      "type": "Feature",
      "properties": {
        "name": "E",
        "kind": "annular",
        "street_status": "autofilled"
      },
      "geometry": {
        "type": "LineString",
        "coordinates": [
          [
            -119.1992144030617,
            40.77619900457033
          ],
          [
            -119.19955530078194,
            40.77613314728518
          ],
          [
            -119.19989734222978,
            40.7760735159864
          ],
          [
            -119.2002404137047,
            40.77602013049647
          ],
          [
            -119.2005844011638,
            40.775973008561685
          ],
          [
            -119.20092919025964,
            40.775932165846164
          ],
          [
            -119.20127466637834,
            40.77589761592675
          ],
          [
            -119.20162071467766,
            40.77586937028843
          ],
          [
            -119.20196722012511,
            40.77584743832056
          ],
          [
            -119.20231406753626,
            40.77583182731369
          ],
          [
            -119.202661141613,
            40.77582254245719
          ],
          [
            -119.20300832698189,
            40.77581958683753
          ]
        ]
      }
    },
    {
      "type": "Feature",
      "properties": {
        "name": "4:00",
        "kind": "avenue",
        "street_status": "autofilled"
      },
      "geometry": {
        "type": "LineString",
        "coordinates": [
          [
            -119.1992144030617,
            40.77619900457033
          ],
          [
            -119.19876141668898,
            40.77491309478242
          ]
        ]
      }
    },
    {
      "type": "Feature",
      "properties": {
        "name": "G",
        "kind": "annular",
        "street_status": "autofilled"
      },
      "geometry": {
        "type": "LineString",
        "coordinates": [
          [
            -119.19240332676748,
            40.7764554128007
          ],
          [
            -119.19271130923177,
            40.776280092931486
          ],
          [
            -119.19302257815026,
            40.77611067688676
          ],
          [
            -119.193337020358,
            40.77594722625945
          ],
          [
            -119.19365452153633,
            40.77578980047367
          ],
          [
            -119.19397496625449,
            40.775638456763176
          ],
          [
            -119.19429823801154,
            40.7754932501505
          ]
        ]
      }
    },
    {
      "type": "Feature",
      "properties": {
        "name": "3:15",
        "kind": "path",
        "street_status": "autofilled"
      },
      "geometry": {
        "type": "LineString",
        "coordinates": [
          [
            -119.19240332676748,
            40.7764554128007
          ],
          [
            -119.19178808253994,
            40.77584559078992
          ]
        ]
      }
    },
    {
      "type": "Feature",
      "properties": {
        "name": "5:45",
        "kind": "avenue",
        "street_status": "autofilled"
      },
      "geometry": {
        "type": "LineString",
        "coordinates": [
          [
            -119.21361318543167,
            40.77645675924265
          ],
          [
            -119.214228567892,
            40.77584701154298
          ]
        ]
      }
    },
    {
      "type": "Feature",
      "properties": {
        "name": "G",
        "kind": "annular",
        "street_status": "autofilled"
      },
      "geometry": {
        "type": "LineString",
        "coordinates": [
          [
            -119.21171848790627,
            40.7754943539629
          ],
          [
            -119.21204172742227,
            40.77563960194824
          ],
          [
            -119.21236213853146,
            40.77579098667756
          ],
          [
            -119.21267960474485,
            40.77594845311328
          ],
          [
            -119.21299401064414,
            40.77611194400675
          ],
          [
            -119.21330524192359,
            40.776281399919064
          ],
          [
            -119.21361318543167,
            40.77645675924265
          ]
        ]
      }
    },
    {
      "type": "Feature",
      "properties": {
        "name": "6:00",
        "kind": "avenue",
        "street_status": "autofilled"
      },
      "geometry": {
        "type": "LineString",
        "coordinates": [
          [
            -119.21721558569794,
            40.776162580847775
          ],
          [
            -119.21675609203072,
            40.776511956607365
          ]
        ]
      }
    },
    {
      "type": "Feature",
      "properties": {
        "name": "I",
        "kind": "annular",
        "street_status": "autofilled"
      },
      "geometry": {
        "type": "LineString",
        "coordinates": [
          [
            -119.21484393791847,
            40.775237262299946
          ],
          [
            -119.21512640755627,
            40.77540495555545
          ],
          [
            -119.215405915199,
            40.77557754037439
          ],
          [
            -119.21568237615242,
            40.77575496446145
          ],
          [
            -119.21595570664546,
            40.77593717405495
          ],
          [
            -119.21622582385565,
            40.77612411394319
          ],
          [
            -119.21649264593418,
            40.77631572748108
          ],
          [
            -119.21675609203072,
            40.776511956607365
          ]
        ]
      }
    },
    {
      "type": "Feature",
      "properties": {
        "name": "I",
        "kind": "annular",
        "street_status": "autofilled"
      },
      "geometry": {
        "type": "LineString",
        "coordinates": [
          [
            -119.18926041275691,
            40.77651021940195
          ],
          [
            -119.18952390215352,
            40.7763140232271
          ],
          [
            -119.1897907665253,
            40.77612244307552
          ],
          [
            -119.19006092500881,
            40.77593553699855
          ],
          [
            -119.1903342957424,
            40.77575336163122
          ],
          [
            -119.19061079589113,
            40.77557597217509
          ],
          [
            -119.19089034167177,
            40.77540342238152
          ],
          [
            -119.19117284837819,
            40.7752357645354
          ]
        ]
      }
    },
    {
      "type": "Feature",
      "properties": {
        "name": "3:00",
        "kind": "avenue",
        "street_status": "autofilled"
      },
      "geometry": {
        "type": "LineString",
        "coordinates": [
          [
            -119.18926041275691,
            40.77651021940195
          ],
          [
            -119.18880099152373,
            40.77616078186126
          ]
        ]
      }
    },
    {
      "type": "Feature",
      "properties": {
        "name": "4:30",
        "kind": "avenue",
        "street_status": "autofilled"
      },
      "geometry": {
        "type": "LineString",
        "coordinates": [
          [
            -119.20300824059437,
            40.77660185387027
          ],
          [
            -119.20300832698189,
            40.77581958683753
          ]
        ]
      }
    },
    {
      "type": "Feature",
      "properties": {
        "name": "D",
        "kind": "annular",
        "street_status": "autofilled"
      },
      "geometry": {
        "type": "LineString",
        "coordinates": [
          [
            -119.19948059917714,
            40.77695464045423
          ],
          [
            -119.1998293278242,
            40.77688760014549
          ],
          [
            -119.20017933046705,
            40.77682756683029
          ],
          [
            -119.20053046632658,
            40.77677456465541
          ],
          [
            -119.2008825941679,
            40.776728614939536
          ],
          [
            -119.20123557235712,
            40.7766897361647
          ],
          [
            -119.20158925891832,
            40.77665794396882
          ],
          [
            -119.20194351159064,
            40.776633251139465
          ],
          [
            -119.20229818788556,
            40.776615667608645
          ],
          [
            -119.20265314514411,
            40.77660520044888
          ],
          [
            -119.20300824059437,
            40.77660185387027
          ]
        ]
      }
    },
    {
      "type": "Feature",
      "properties": {
        "name": "4:00",
        "kind": "avenue",
        "street_status": "autofilled"
      },
      "geometry": {
        "type": "LineString",
        "coordinates": [
          [
            -119.19948059917714,
            40.77695464045423
          ],
          [
            -119.1992144030617,
            40.77619900457033
          ]
        ]
      }
    },
    {
      "type": "Feature",
      "properties": {
        "name": "5:00",
        "kind": "avenue",
        "street_status": "autofilled"
      },
      "geometry": {
        "type": "LineString",
        "coordinates": [
          [
            -119.20653580404415,
            40.77695508803426
          ],
          [
            -119.20680216704905,
            40.77619948406673
          ]
        ]
      }
    },
    {
      "type": "Feature",
      "properties": {
        "name": "D",
        "kind": "annular",
        "street_status": "autofilled"
      },
      "geometry": {
        "type": "LineString",
        "coordinates": [
          [
            -119.20300824059437,
            40.77660185387027
          ],
          [
            -119.20336333531267,
            40.776605245498644
          ],
          [
            -119.20371829026396,
            40.77661575769155
          ],
          [
            -119.2040729626772,
            40.77663338622076
          ],
          [
            -119.20442720989502,
            40.776658123995645
          ],
          [
            -119.20478088943096,
            40.776689961066126
          ],
          [
            -119.20513385902704,
            40.776728884626586
          ],
          [
            -119.20548597671073,
            40.77677487902108
          ],
          [
            -119.20583710085222,
            40.77682792574961
          ],
          [
            -119.20618709022129,
            40.77688800347555
          ],
          [
            -119.20653580404415,
            40.77695508803426
          ]
        ]
      }
    },
    {
      "type": "Feature",
      "properties": {
        "name": "6:00",
        "kind": "avenue",
        "street_status": "autofilled"
      },
      "geometry": {
        "type": "LineString",
        "coordinates": [
          [
            -119.21675609203072,
            40.776511956607365
          ],
          [
            -119.21604129703249,
            40.77705543964275
          ]
        ]
      }
    },
    {
      "type": "Feature",
      "properties": {
        "name": "H",
        "kind": "annular",
        "street_status": "autofilled"
      },
      "geometry": {
        "type": "LineString",
        "coordinates": [
          [
            -119.214228567892,
            40.77584701154298
          ],
          [
            -119.21449635037001,
            40.77600598705534
          ],
          [
            -119.21476132479589,
            40.77616959985699
          ],
          [
            -119.21502341087684,
            40.776337800369845
          ],
          [
            -119.21528252919532,
            40.77651053762565
          ],
          [
            -119.2155386012331,
            40.776687759281394
          ],
          [
            -119.21579154939501,
            40.776869411635246
          ],
          [
            -119.21604129703249,
            40.77705543964275
          ]
        ]
      }
    },
    {
      "type": "Feature",
      "properties": {
        "name": "H",
        "kind": "annular",
        "street_status": "autofilled"
      },
      "geometry": {
        "type": "LineString",
        "coordinates": [
          [
            -119.1899750829721,
            40.777053789337096
          ],
          [
            -119.19022487219532,
            40.776867792921465
          ],
          [
            -119.19047786097875,
            40.776686172576184
          ],
          [
            -119.19073397266142,
            40.77650898333608
          ],
          [
            -119.19099312963604,
            40.77633627889325
          ],
          [
            -119.19125525337253,
            40.77616811158081
          ],
          [
            -119.19152026444182,
            40.77600453235704
          ],
          [
            -119.19178808253994,
            40.77584559078992
          ]
        ]
      }
    },
    {
      "type": "Feature",
      "properties": {
        "name": "3:00",
        "kind": "avenue",
        "street_status": "autofilled"
      },
      "geometry": {
        "type": "LineString",
        "coordinates": [
          [
            -119.1899750829721,
            40.777053789337096
          ],
          [
            -119.18926041275691,
            40.77651021940195
          ]
        ]
      }
    },
    {
      "type": "Feature",
      "properties": {
        "name": "F",
        "kind": "annular",
        "street_status": "autofilled"
      },
      "geometry": {
        "type": "LineString",
        "coordinates": [
          [
            -119.19301858224546,
            40.777065231468285
          ],
          [
            -119.19330869407732,
            40.7769000843819
          ],
          [
            -119.19360190169725,
            40.77674049860204
          ],
          [
            -119.19389809850473,
            40.77658653214879
          ],
          [
            -119.19419717681245,
            40.7764382409992
          ],
          [
            -119.19449902788554,
            40.77629567906701
          ],
          [
            -119.19480354198096,
            40.77615889818298
          ]
        ]
      }
    },
    {
      "type": "Feature",
      "properties": {
        "name": "3:15",
        "kind": "path",
        "street_status": "autofilled"
      },
      "geometry": {
        "type": "LineString",
        "coordinates": [
          [
            -119.19301858224546,
            40.777065231468285
          ],
          [
            -119.19240332676748,
            40.7764554128007
          ]
        ]
      }
    },
    {
      "type": "Feature",
      "properties": {
        "name": "5:45",
        "kind": "avenue",
        "street_status": "autofilled"
      },
      "geometry": {
        "type": "LineString",
        "coordinates": [
          [
            -119.212997797644,
            40.777066497293845
          ],
          [
            -119.21361318543167,
            40.77645675924265
          ]
        ]
      }
    },
    {
      "type": "Feature",
      "properties": {
        "name": "F",
        "kind": "annular",
        "street_status": "autofilled"
      },
      "geometry": {
        "type": "LineString",
        "coordinates": [
          [
            -119.21121304047945,
            40.77615993440024
          ],
          [
            -119.21151752400439,
            40.77629675444215
          ],
          [
            -119.21181934321486,
            40.776439355195144
          ],
          [
            -119.21211838837924,
            40.776587684814224
          ],
          [
            -119.21241455077435,
            40.77674168937155
          ],
          [
            -119.21270772272521,
            40.77690131287606
          ],
          [
            -119.212997797644,
            40.777066497293845
          ]
        ]
      }
    },
    {
      "type": "Feature",
      "properties": {
        "name": "E",
        "kind": "annular",
        "street_status": "autofilled"
      },
      "geometry": {
        "type": "LineString",
        "coordinates": [
          [
            -119.19567882008856,
            40.77731188552422
          ],
          [
            -119.19598957747505,
            40.77717998235124
          ],
          [
            -119.19630282141584,
            40.777054098726865
          ],
          [
            -119.19661843531702,
            40.776934281506804
          ],
          [
            -119.19693630170248,
            40.77682057528879
          ],
          [
            -119.19725630225771,
            40.7767130223959
          ],
          [
            -119.19757831787388,
            40.77661166286091
          ],
          [
            -119.19790222869207,
            40.7765165344113
          ],
          [
            -119.19822791414799,
            40.77642767245526
          ],
          [
            -119.19855525301678,
            40.77634511006852
          ],
          [
            -119.19888412345813,
            40.77626887798198
          ],
          [
            -119.1992144030617,
            40.77619900457033
          ]
        ]
      }
    },
    {
      "type": "Feature",
      "properties": {
        "name": "3:30",
        "kind": "avenue",
        "street_status": "autofilled"
      },
      "geometry": {
        "type": "LineString",
        "coordinates": [
          [
            -119.19567882008856,
            40.77731188552422
          ],
          [
            -119.19480354198096,
            40.77615889818298
          ]
        ]
      }
    },
    {
      "type": "Feature",
      "properties": {
        "name": "5:30",
        "kind": "avenue",
        "street_status": "autofilled"
      },
      "geometry": {
        "type": "LineString",
        "coordinates": [
          [
            -119.21033750299208,
            40.77731281539663
          ],
          [
            -119.21121304047945,
            40.77615993440024
          ]
        ]
      }
    },
    {
      "type": "Feature",
      "properties": {
        "name": "E",
        "kind": "annular",
        "street_status": "autofilled"
      },
      "geometry": {
        "type": "LineString",
        "coordinates": [
          [
            -119.20680216704905,
            40.77619948406673
          ],
          [
            -119.20713243113855,
            40.77626939954076
          ],
          [
            -119.20746128465545,
            40.77634567351223
          ],
          [
            -119.20778860519563,
            40.77642827759085
          ],
          [
            -119.2081142709255,
            40.776517181030144
          ],
          [
            -119.20843816062747,
            40.77661235073894
          ],
          [
            -119.20876015374495,
            40.77671375129365
          ],
          [
            -119.20908013042737,
            40.77682134495149
          ],
          [
            -119.20939797157465,
            40.77693509166451
          ],
          [
            -119.20971355888159,
            40.7770549490945
          ],
          [
            -119.21002677488195,
            40.77718087262874
          ],
          [
            -119.21033750299208,
            40.77731281539663
          ]
        ]
      }
    },
    {
      "type": "Feature",
      "properties": {
        "name": "K",
        "kind": "annular",
        "street_status": "autofilled"
      },
      "geometry": {
        "type": "LineString",
        "coordinates": [
          [
            -119.21770061907242,
            40.77579378000801
          ],
          [
            -119.21796886011796,
            40.776001155682195
          ],
          [
            -119.21823318363168,
            40.77621350200669
          ],
          [
            -119.21849349752459,
            40.77643074500113
          ],
          [
            -119.21874971110468,
            40.77665280897915
          ],
          [
            -119.21900173510842,
            40.77687961657481
          ],
          [
            -119.21924948173196,
            40.77711108876951
          ],
          [
            -119.21949286466165,
            40.7773471449195
          ]
        ]
      }
    },
    {
      "type": "Feature",
      "properties": {
        "name": "K",
        "kind": "annular",
        "street_status": "autofilled"
      },
      "geometry": {
        "type": "LineString",
        "coordinates": [
          [
            -119.18652345214791,
            40.777345057558364
          ],
          [
            -119.1867668872108,
            40.77710903222956
          ],
          [
            -119.18701468495505,
            40.77687759140859
          ],
          [
            -119.18726675904915,
            40.776650815728274
          ],
          [
            -119.1875230216718,
            40.776428784196106
          ],
          [
            -119.18778338354234,
            40.77621157416676
          ],
          [
            -119.18804775395203,
            40.77599926131512
          ],
          [
            -119.18831604079554,
            40.7757919196099
          ]
        ]
      }
    },
    {
      "type": "Feature",
      "properties": {
        "name": "4:30",
        "kind": "avenue",
        "street_status": "autofilled"
      },
      "geometry": {
        "type": "LineString",
        "coordinates": [
          [
            -119.20300815572215,
            40.777370399517956
          ],
          [
            -119.20300824059437,
            40.77660185387027
          ]
        ]
      }
    },
    {
      "type": "Feature",
      "properties": {
        "name": "6:00",
        "kind": "avenue",
        "street_status": "autofilled"
      },
      "geometry": {
        "type": "LineString",
        "coordinates": [
          [
            -119.21604129703249,
            40.77705543964275
          ],
          [
            -119.21532649867747,
            40.77759891189725
          ]
        ]
      }
    },
    {
      "type": "Feature",
      "properties": {
        "name": "G",
        "kind": "annular",
        "street_status": "autofilled"
      },
      "geometry": {
        "type": "LineString",
        "coordinates": [
          [
            -119.21361318543167,
            40.77645675924265
          ],
          [
            -119.21390820871093,
            40.77663248580828
          ],
          [
            -119.21419960224246,
            40.77681416758336
          ],
          [
            -119.2144872458409,
            40.77700172963321
          ],
          [
            -119.21477102086759,
            40.77719509459784
          ],
          [
            -119.21505081027952,
            40.777394182723825
          ],
          [
            -119.21532649867747,
            40.77759891189725
          ]
        ]
      }
    },
    {
      "type": "Feature",
      "properties": {
        "name": "G",
        "kind": "annular",
        "street_status": "autofilled"
      },
      "geometry": {
        "type": "LineString",
        "coordinates": [
          [
            -119.19068976602091,
            40.77759735479714
          ],
          [
            -119.19096549876062,
            40.77739265948219
          ],
          [
            -119.19124533130183,
            40.777193605733615
          ],
          [
            -119.19152914822683,
            40.77700027565165
          ],
          [
            -119.19181683247457,
            40.776812748975836
          ],
          [
            -119.19210826538888,
            40.77663110305207
          ],
          [
            -119.19240332676748,
            40.7764554128007
          ]
        ]
      }
    },
    {
      "type": "Feature",
      "properties": {
        "name": "3:00",
        "kind": "avenue",
        "street_status": "autofilled"
      },
      "geometry": {
        "type": "LineString",
        "coordinates": [
          [
            -119.19068976602091,
            40.77759735479714
          ],
          [
            -119.1899750829721,
            40.777053789337096
          ]
        ]
      }
    },
    {
      "type": "Feature",
      "properties": {
        "name": "6:15",
        "kind": "avenue",
        "street_status": "autofilled"
      },
      "geometry": {
        "type": "LineString",
        "coordinates": [
          [
            -119.21894865933447,
            40.7776646674134
          ],
          [
            -119.21949286466165,
            40.7773471449195
          ]
        ]
      }
    },
    {
      "type": "Feature",
      "properties": {
        "name": "J",
        "kind": "annular",
        "street_status": "autofilled"
      },
      "geometry": {
        "type": "LineString",
        "coordinates": [
          [
            -119.21721558569794,
            40.776162580847775
          ],
          [
            -119.21747497079308,
            40.77636311073342
          ],
          [
            -119.21773056764144,
            40.77656844721207
          ],
          [
            -119.21798228719258,
            40.77677851874411
          ],
          [
            -119.21823004174692,
            40.7769932521402
          ],
          [
            -119.2184737449863,
            40.77721257258681
          ],
          [
            -119.21871331200401,
            40.77743640367227
          ],
          [
            -119.21894865933447,
            40.7776646674134
          ]
        ]
      }
    },
    {
      "type": "Feature",
      "properties": {
        "name": "J",
        "kind": "annular",
        "street_status": "autofilled"
      },
      "geometry": {
        "type": "LineString",
        "coordinates": [
          [
            -119.18706758733813,
            40.77766264895736
          ],
          [
            -119.18730298491339,
            40.77743441503105
          ],
          [
            -119.1875426011961,
            40.777210614290986
          ],
          [
            -119.18778635270348,
            40.77699132470978
          ],
          [
            -119.18803415451204,
            40.77677662268834
          ],
          [
            -119.18828592028713,
            40.77656658302927
          ],
          [
            -119.1885415623131,
            40.7763612789108
          ],
          [
            -119.18880099152373,
            40.77616078186126
          ]
        ]
      }
    },
    {
      "type": "Feature",
      "properties": {
        "name": "2:45",
        "kind": "path",
        "street_status": "autofilled"
      },
      "geometry": {
        "type": "LineString",
        "coordinates": [
          [
            -119.18706758733813,
            40.77766264895736
          ],
          [
            -119.18652345214791,
            40.777345057558364
          ]
        ]
      }
    },
    {
      "type": "Feature",
      "properties": {
        "name": "5:00",
        "kind": "avenue",
        "street_status": "autofilled"
      },
      "geometry": {
        "type": "LineString",
        "coordinates": [
          [
            -119.20627410890616,
            40.77769743484395
          ],
          [
            -119.20653580404415,
            40.77695508803426
          ]
        ]
      }
    },
    {
      "type": "Feature",
      "properties": {
        "name": "C",
        "kind": "annular",
        "street_status": "autofilled"
      },
      "geometry": {
        "type": "LineString",
        "coordinates": [
          [
            -119.20300815572215,
            40.777370399517956
          ],
          [
            -119.20333691597534,
            40.777373539363765
          ],
          [
            -119.20366554683187,
            40.77738327170391
          ],
          [
            -119.2039939161087,
            40.77739959262383
          ],
          [
            -119.20432189172803,
            40.777422495558845
          ],
          [
            -119.20464934177035,
            40.77745197129686
          ],
          [
            -119.20497613452756,
            40.777488007982065
          ],
          [
            -119.20530213855595,
            40.777530591119636
          ],
          [
            -119.20562722272908,
            40.77757970358165
          ],
          [
            -119.20595125629045,
            40.777635325613915
          ],
          [
            -119.20627410890616,
            40.77769743484395
          ]
        ]
      }
    },
    {
      "type": "Feature",
      "properties": {
        "name": "C",
        "kind": "annular",
        "street_status": "autofilled"
      },
      "geometry": {
        "type": "LineString",
        "coordinates": [
          [
            -119.19974213153768,
            40.77769702219162
          ],
          [
            -119.20006499774472,
            40.777634953769926
          ],
          [
            -119.20038904346512,
            40.777579372691676
          ],
          [
            -119.20071413836014,
            40.777530301312886
          ],
          [
            -119.20104015166902,
            40.7774877593712
          ],
          [
            -119.20136695226162,
            40.777451763977986
          ],
          [
            -119.20169440869113,
            40.77742232961142
          ],
          [
            -119.20202238924692,
            40.7773994681107
          ],
          [
            -119.20235076200758,
            40.77738318867125
          ],
          [
            -119.20267939489392,
            40.77737349784105
          ],
          [
            -119.20300815572215,
            40.777370399517956
          ]
        ]
      }
    },
    {
      "type": "Feature",
      "properties": {
        "name": "4:00",
        "kind": "avenue",
        "street_status": "autofilled"
      },
      "geometry": {
        "type": "LineString",
        "coordinates": [
          [
            -119.19974213153768,
            40.77769702219162
          ],
          [
            -119.19948059917714,
            40.77695464045423
          ]
        ]
      }
    },
    {
      "type": "Feature",
      "properties": {
        "name": "6:15",
        "kind": "avenue",
        "street_status": "autofilled"
      },
      "geometry": {
        "type": "LineString",
        "coordinates": [
          [
            -119.21843310376943,
            40.77796546799341
          ],
          [
            -119.21894865933447,
            40.7776646674134
          ]
        ]
      }
    },
    {
      "type": "Feature",
      "properties": {
        "name": "I",
        "kind": "annular",
        "street_status": "autofilled"
      },
      "geometry": {
        "type": "LineString",
        "coordinates": [
          [
            -119.21675609203072,
            40.776511956607365
          ],
          [
            -119.21700708671172,
            40.776706001649245
          ],
          [
            -119.21725441561236,
            40.77690469785361
          ],
          [
            -119.21749799256091,
            40.77710797599281
          ],
          [
            -119.21773773269281,
            40.77731576524282
          ],
          [
            -119.21797355248036,
            40.77752799320787
          ],
          [
            -119.21820536976169,
            40.77774458594572
          ],
          [
            -119.21843310376943,
            40.77796546799341
          ]
        ]
      }
    },
    {
      "type": "Feature",
      "properties": {
        "name": "I",
        "kind": "annular",
        "street_status": "autofilled"
      },
      "geometry": {
        "type": "LineString",
        "coordinates": [
          [
            -119.18758307882841,
            40.7779635166165
          ],
          [
            -119.18781086180972,
            40.77774266366477
          ],
          [
            -119.1880427271096,
            40.777526100540484
          ],
          [
            -119.1882785939441,
            40.777313902696214
          ],
          [
            -119.18851838013504,
            40.77710614406363
          ],
          [
            -119.18876200213872,
            40.77690289702773
          ],
          [
            -119.189009375075,
            40.77670423240165
          ],
          [
            -119.18926041275691,
            40.77651021940195
          ]
        ]
      }
    },
    {
      "type": "Feature",
      "properties": {
        "name": "2:45",
        "kind": "path",
        "street_status": "autofilled"
      },
      "geometry": {
        "type": "LineString",
        "coordinates": [
          [
            -119.18758307882841,
            40.7779635166165
          ],
          [
            -119.18706758733813,
            40.77766264895736
          ]
        ]
      }
    },
    {
      "type": "Feature",
      "properties": {
        "name": "5:30",
        "kind": "avenue",
        "street_status": "autofilled"
      },
      "geometry": {
        "type": "LineString",
        "coordinates": [
          [
            -119.20982300035186,
            40.77799027464918
          ],
          [
            -119.21033750299208,
            40.77731281539663
          ]
        ]
      }
    },
    {
      "type": "Feature",
      "properties": {
        "name": "D",
        "kind": "annular",
        "street_status": "autofilled"
      },
      "geometry": {
        "type": "LineString",
        "coordinates": [
          [
            -119.20653580404415,
            40.77695508803426
          ],
          [
            -119.20684288743637,
            40.77702009596675
          ],
          [
            -119.20714865926148,
            40.77709101612955
          ],
          [
            -119.20745300570567,
            40.77716782212489
          ],
          [
            -119.20775581348575,
            40.777250485364206
          ],
          [
            -119.20805696989115,
            40.77733897507874
          ],
          [
            -119.20835636282605,
            40.77743325833104
          ],
          [
            -119.20865388085102,
            40.777533300027166
          ],
          [
            -119.20894941322449,
            40.777639062929794
          ],
          [
            -119.20924284994396,
            40.77775050767208
          ],
          [
            -119.20953408178698,
            40.77786759277226
          ],
          [
            -119.20982300035186,
            40.77799027464918
          ]
        ]
      }
    },
    {
      "type": "Feature",
      "properties": {
        "name": "D",
        "kind": "annular",
        "street_status": "autofilled"
      },
      "geometry": {
        "type": "LineString",
        "coordinates": [
          [
            -119.1961931754631,
            40.77798941441868
          ],
          [
            -119.19648212097613,
            40.77786676879019
          ],
          [
            -119.19677337853881,
            40.77774972023269
          ],
          [
            -119.19706683973966,
            40.777638312313805
          ],
          [
            -119.19736239534693,
            40.77753258650165
          ],
          [
            -119.19765993534934,
            40.77743258214935
          ],
          [
            -119.19795934899696,
            40.77733833648036
          ],
          [
            -119.19826052484245,
            40.7772498845747
          ],
          [
            -119.19856335078256,
            40.77716725935579
          ],
          [
            -119.19886771409986,
            40.777090491578306
          ],
          [
            -119.19917350150465,
            40.777019609816605
          ],
          [
            -119.19948059917714,
            40.77695464045423
          ]
        ]
      }
    },
    {
      "type": "Feature",
      "properties": {
        "name": "3:30",
        "kind": "avenue",
        "street_status": "autofilled"
      },
      "geometry": {
        "type": "LineString",
        "coordinates": [
          [
            -119.1961931754631,
            40.77798941441868
          ],
          [
            -119.19567882008856,
            40.77731188552422
          ]
        ]
      }
    },
    {
      "type": "Feature",
      "properties": {
        "name": "4:30",
        "kind": "avenue",
        "street_status": "autofilled"
      },
      "geometry": {
        "type": "LineString",
        "coordinates": [
          [
            -119.20300807085053,
            40.77813893965979
          ],
          [
            -119.20300815572215,
            40.777370399517956
          ]
        ]
      }
    },
    {
      "type": "Feature",
      "properties": {
        "name": "6:00",
        "kind": "avenue",
        "street_status": "autofilled"
      },
      "geometry": {
        "type": "LineString",
        "coordinates": [
          [
            -119.21532649867747,
            40.77759891189725
          ],
          [
            -119.21461168630506,
            40.77814238147589
          ]
        ]
      }
    },
    {
      "type": "Feature",
      "properties": {
        "name": "F",
        "kind": "annular",
        "street_status": "autofilled"
      },
      "geometry": {
        "type": "LineString",
        "coordinates": [
          [
            -119.212997797644,
            40.777066497293845
          ],
          [
            -119.2132757007661,
            40.77723202803278
          ],
          [
            -119.21355018469355,
            40.777403168479395
          ],
          [
            -119.21382113621223,
            40.77757984804478
          ],
          [
            -119.214088443565,
            40.77776199385539
          ],
          [
            -119.21435199649777,
            40.77794953078303
          ],
          [
            -119.21461168630506,
            40.77814238147589
          ]
        ]
      }
    },
    {
      "type": "Feature",
      "properties": {
        "name": "F",
        "kind": "annular",
        "street_status": "autofilled"
      },
      "geometry": {
        "type": "LineString",
        "coordinates": [
          [
            -119.19140445953468,
            40.778140915781385
          ],
          [
            -119.1916641912804,
            40.777948097221795
          ],
          [
            -119.19192778500224,
            40.777760592916344
          ],
          [
            -119.19219513197731,
            40.77757848020377
          ],
          [
            -119.19246612193466,
            40.777401834199
          ],
          [
            -119.19274064310072,
            40.77723072776209
          ],
          [
            -119.19301858224546,
            40.777065231468285
          ]
        ]
      }
    },
    {
      "type": "Feature",
      "properties": {
        "name": "3:00",
        "kind": "avenue",
        "street_status": "autofilled"
      },
      "geometry": {
        "type": "LineString",
        "coordinates": [
          [
            -119.19140445953468,
            40.778140915781385
          ],
          [
            -119.19068976602091,
            40.77759735479714
          ]
        ]
      }
    },
    {
      "type": "Feature",
      "properties": {
        "name": "H",
        "kind": "annular",
        "street_status": "autofilled"
      },
      "geometry": {
        "type": "LineString",
        "coordinates": [
          [
            -119.18838496280348,
            40.77843152796832
          ],
          [
            -119.18860090189003,
            40.77822215729623
          ],
          [
            -119.18882071110757,
            40.77801685345447
          ],
          [
            -119.18904431387037,
            40.777815687974794
          ],
          [
            -119.18927163227096,
            40.77761873094709
          ],
          [
            -119.18950258710731,
            40.77742605099493
          ],
          [
            -119.18973709791037,
            40.77723771525168
          ],
          [
            -119.1899750829721,
            40.777053789337096
          ]
        ]
      }
    },
    {
      "type": "Feature",
      "properties": {
        "name": "2:45",
        "kind": "path",
        "street_status": "autofilled"
      },
      "geometry": {
        "type": "LineString",
        "coordinates": [
          [
            -119.18838496280348,
            40.77843152796832
          ],
          [
            -119.18758307882841,
            40.7779635166165
          ]
        ]
      }
    },
    {
      "type": "Feature",
      "properties": {
        "name": "6:15",
        "kind": "avenue",
        "street_status": "autofilled"
      },
      "geometry": {
        "type": "LineString",
        "coordinates": [
          [
            -119.21763111170064,
            40.778433380502726
          ],
          [
            -119.21843310376943,
            40.77796546799341
          ]
        ]
      }
    },
    {
      "type": "Feature",
      "properties": {
        "name": "H",
        "kind": "annular",
        "street_status": "autofilled"
      },
      "geometry": {
        "type": "LineString",
        "coordinates": [
          [
            -119.21604129703249,
            40.77705543964275
          ],
          [
            -119.21627924131244,
            40.77723939582043
          ],
          [
            -119.21651371035531,
            40.77742776138615
          ],
          [
            -119.21674462246756,
            40.777620470709735
          ],
          [
            -119.21697189719497,
            40.77781745664752
          ],
          [
            -119.21719545535058,
            40.7780186505658
          ],
          [
            -119.21741521904245,
            40.77822398236472
          ],
          [
            -119.21763111170064,
            40.778433380502726
          ]
        ]
      }
    },
    {
      "type": "Feature",
      "properties": {
        "name": "5:00",
        "kind": "avenue",
        "street_status": "autofilled"
      },
      "geometry": {
        "type": "LineString",
        "coordinates": [
          [
            -119.20601240794508,
            40.77843978006409
          ],
          [
            -119.20627410890616,
            40.77769743484395
          ]
        ]
      }
    },
    {
      "type": "Feature",
      "properties": {
        "name": "B",
        "kind": "annular",
        "street_status": "autofilled"
      },
      "geometry": {
        "type": "LineString",
        "coordinates": [
          [
            -119.20300807085053,
            40.77813893965979
          ],
          [
            -119.20331049609315,
            40.778141828163164
          ],
          [
            -119.20361280230071,
            40.77815078108034
          ],
          [
            -119.20391486787841,
            40.778165794810256
          ],
          [
            -119.20421657132816,
            40.77818686331402
          ],
          [
            -119.2045177912976,
            40.778213978117364
          ],
          [
            -119.20481840662877,
            40.778247128314064
          ],
          [
            -119.205118296407,
            40.77828630057033
          ],
          [
            -119.20541734000935,
            40.77833147913012
          ],
          [
            -119.20571541715331,
            40.77838264582153
          ],
          [
            -119.20601240794508,
            40.77843978006409
          ]
        ]
      }
    },
    {
      "type": "Feature",
      "properties": {
        "name": "B",
        "kind": "annular",
        "street_status": "autofilled"
      },
      "geometry": {
        "type": "LineString",
        "coordinates": [
          [
            -119.20000366853743,
            40.77843940053907
          ],
          [
            -119.20030067182185,
            40.77838230383041
          ],
          [
            -119.20059876014099,
            40.77833117480653
          ],
          [
            -119.2008978135966,
            40.77828603403274
          ],
          [
            -119.20119771190222,
            40.778246899665746
          ],
          [
            -119.2014983344316,
            40.778213787446326
          ],
          [
            -119.20179956026716,
            40.77818671069301
          ],
          [
            -119.20210126824867,
            40.778165680296695
          ],
          [
            -119.20240333702196,
            40.77815070471634
          ],
          [
            -119.20270564508775,
            40.778141789975464
          ],
          [
            -119.20300807085053,
            40.77813893965979
          ]
        ]
      }
    },
    {
      "type": "Feature",
      "properties": {
        "name": "4:00",
        "kind": "avenue",
        "street_status": "autofilled"
      },
      "geometry": {
        "type": "LineString",
        "coordinates": [
          [
            -119.20000366853743,
            40.77843940053907
          ],
          [
            -119.19974213153768,
            40.77769702219162
          ]
        ]
      }
    },
    {
      "type": "Feature",
      "properties": {
        "name": "5:30",
        "kind": "avenue",
        "street_status": "autofilled"
      },
      "geometry": {
        "type": "LineString",
        "coordinates": [
          [
            -119.20931751154862,
            40.7786558501011
          ],
          [
            -119.20982300035186,
            40.77799027464918
          ]
        ]
      }
    },
    {
      "type": "Feature",
      "properties": {
        "name": "C",
        "kind": "annular",
        "street_status": "autofilled"
      },
      "geometry": {
        "type": "LineString",
        "coordinates": [
          [
            -119.20627410890616,
            40.77769743484395
          ],
          [
            -119.20658678346054,
            40.777763941744
          ],
          [
            -119.20689797594146,
            40.777837069026326
          ],
          [
            -119.20720754619245,
            40.777916783755494
          ],
          [
            -119.20751535478773,
            40.77800305002918
          ],
          [
            -119.2078212630949,
            40.77809582899434
          ],
          [
            -119.2081251333374,
            40.77819507886472
          ],
          [
            -119.20842682865666,
            40.77830075493965
          ],
          [
            -119.20872621317356,
            40.778412809624214
          ],
          [
            -119.20902315204984,
            40.77853119245066
          ],
          [
            -119.20931751154862,
            40.7786558501011
          ]
        ]
      }
    },
    {
      "type": "Feature",
      "properties": {
        "name": "C",
        "kind": "annular",
        "street_status": "autofilled"
      },
      "geometry": {
        "type": "LineString",
        "coordinates": [
          [
            -119.19669851725753,
            40.778655052967835
          ],
          [
            -119.19699290427437,
            40.77853043248952
          ],
          [
            -119.19728986928538,
            40.778412087164284
          ],
          [
            -119.19758927854187,
            40.77830007029317
          ],
          [
            -119.19789099719424,
            40.778194432326934
          ],
          [
            -119.19819488935279,
            40.778095220843404
          ],
          [
            -119.19850081814887,
            40.77800248052598
          ],
          [
            -119.19880864579663,
            40.777916253143545
          ],
          [
            -119.19911823365493,
            40.77783657753168
          ],
          [
            -119.19942944228988,
            40.77776348957512
          ],
          [
            -119.19974213153768,
            40.77769702219162
          ]
        ]
      }
    },
    {
      "type": "Feature",
      "properties": {
        "name": "3:30",
        "kind": "avenue",
        "street_status": "autofilled"
      },
      "geometry": {
        "type": "LineString",
        "coordinates": [
          [
            -119.19669851725753,
            40.778655052967835
          ],
          [
            -119.1961931754631,
            40.77798941441868
          ]
        ]
      }
    },
    {
      "type": "Feature",
      "properties": {
        "name": "G",
        "kind": "annular",
        "street_status": "autofilled"
      },
      "geometry": {
        "type": "LineString",
        "coordinates": [
          [
            -119.18918686513926,
            40.778899538216095
          ],
          [
            -119.18939095950702,
            40.77870164937786
          ],
          [
            -119.18959871182935,
            40.778507604360456
          ],
          [
            -119.18981004971899,
            40.778317470775114
          ],
          [
            -119.19002489953935,
            40.77813131487019
          ],
          [
            -119.1902431864302,
            40.77794920150807
          ],
          [
            -119.1904648343337,
            40.77777119414266
          ],
          [
            -119.19068976602091,
            40.77759735479714
          ]
        ]
      }
    },
    {
      "type": "Feature",
      "properties": {
        "name": "2:45",
        "kind": "path",
        "street_status": "autofilled"
      },
      "geometry": {
        "type": "LineString",
        "coordinates": [
          [
            -119.18918686513926,
            40.778899538216095
          ],
          [
            -119.18838496280348,
            40.77843152796832
          ]
        ]
      }
    },
    {
      "type": "Feature",
      "properties": {
        "name": "6:15",
        "kind": "avenue",
        "street_status": "autofilled"
      },
      "geometry": {
        "type": "LineString",
        "coordinates": [
          [
            -119.21682910482477,
            40.7789012892038
          ],
          [
            -119.21763111170064,
            40.778433380502726
          ]
        ]
      }
    },
    {
      "type": "Feature",
      "properties": {
        "name": "G",
        "kind": "annular",
        "street_status": "autofilled"
      },
      "geometry": {
        "type": "LineString",
        "coordinates": [
          [
            -119.21532649867747,
            40.77759891189725
          ],
          [
            -119.21555139099603,
            40.77777278027519
          ],
          [
            -119.21577299859518,
            40.77795081624494
          ],
          [
            -119.21599124425985,
            40.77813295777315
          ],
          [
            -119.21620605194636,
            40.77831914139598
          ],
          [
            -119.21641734680894,
            40.77850930224117
          ],
          [
            -119.21662505522579,
            40.778703374050686
          ],
          [
            -119.21682910482477,
            40.7789012892038
          ]
        ]
      }
    },
    {
      "type": "Feature",
      "properties": {
        "name": "4:30",
        "kind": "avenue",
        "street_status": "autofilled"
      },
      "geometry": {
        "type": "LineString",
        "coordinates": [
          [
            -119.20300798597876,
            40.778907481500035
          ],
          [
            -119.20300807085053,
            40.77813893965979
          ]
        ]
      }
    },
    {
      "type": "Feature",
      "properties": {
        "name": "K",
        "kind": "annular",
        "street_status": "autofilled"
      },
      "geometry": {
        "type": "LineString",
        "coordinates": [
          [
            -119.21949286466165,
            40.7773471449195
          ],
          [
            -119.21972318117533,
            40.7775793195386
          ],
          [
            -119.21994879231701,
            40.77781606912917
          ],
          [
            -119.22016960723786,
            40.778057298357126
          ],
          [
            -119.2203855370203,
            40.778302910084506
          ],
          [
            -119.22059649471394,
            40.77855280540862
          ],
          [
            -119.22080239537054,
            40.778806883701854
          ],
          [
            -119.22100315607821,
            40.779065042652206
          ]
        ]
      }
    },
    {
      "type": "Feature",
      "properties": {
        "name": "K",
        "kind": "annular",
        "street_status": "autofilled"
      },
      "geometry": {
        "type": "LineString",
        "coordinates": [
          [
            -119.18501278132963,
            40.77906276402797
          ],
          [
            -119.18521359905237,
            40.778804630502584
          ],
          [
            -119.1854195558228,
            40.77855057828498
          ],
          [
            -119.18563056870649,
            40.77830070967668
          ],
          [
            -119.18584655273288,
            40.778055125294564
          ],
          [
            -119.18606742092975,
            40.77781392403033
          ],
          [
            -119.18629308435808,
            40.77757720301073
          ],
          [
            -119.18652345214791,
            40.777345057558364
          ]
        ]
      }
    },
    {
      "type": "Feature",
      "properties": {
        "name": "6:00",
        "kind": "avenue",
        "street_status": "autofilled"
      },
      "geometry": {
        "type": "LineString",
        "coordinates": [
          [
            -119.21461168630506,
            40.77814238147589
          ],
          [
            -119.21337349888876,
            40.779083739888584
          ]
        ]
      }
    },
    {
      "type": "Feature",
      "properties": {
        "name": "E",
        "kind": "annular",
        "street_status": "autofilled"
      },
      "geometry": {
        "type": "LineString",
        "coordinates": [
          [
            -119.21033750299208,
            40.77731281539663
          ],
          [
            -119.21054423107829,
            40.77740527334343
          ],
          [
            -119.21074894216292,
            40.77750028994746
          ],
          [
            -119.21095158145458,
            40.777597839781194
          ],
          [
            -119.21115209471562,
            40.77769789673913
          ],
          [
            -119.21135042827659,
            40.777800434044686
          ],
          [
            -119.2115465290506,
            40.77790542425736
          ],
          [
            -119.21174034454761,
            40.77801283928016
          ],
          [
            -119.21193182288836,
            40.778122650366925
          ],
          [
            -119.21212091281836,
            40.77823482813022
          ],
          [
            -119.21230756372141,
            40.778349342549106
          ],
          [
            -119.2124917256334,
            40.77846616297705
          ],
          [
            -119.21267334925552,
            40.77858525815032
          ],
          [
            -119.21285238596742,
            40.77870659619622
          ],
          [
            -119.21302878784036,
            40.778830144641624
          ],
          [
            -119.21320250764997,
            40.77895587042166
          ],
          [
            -119.21337349888876,
            40.779083739888584
          ]
        ]
      }
    },
    {
      "type": "Feature",
      "properties": {
        "name": "E",
        "kind": "annular",
        "street_status": "autofilled"
      },
      "geometry": {
        "type": "LineString",
        "coordinates": [
          [
            -119.19264243783698,
            40.7790824300646
          ],
          [
            -119.19281345697495,
            40.77895458199842
          ],
          [
            -119.19298720421565,
            40.7788288779604
          ],
          [
            -119.19316363304442,
            40.77870535159252
          ],
          [
            -119.19334269622959,
            40.77858403595368
          ],
          [
            -119.19352434583534,
            40.778464963511034
          ],
          [
            -119.19370853323436,
            40.778348166131195
          ],
          [
            -119.19389520912105,
            40.77823367507173
          ],
          [
            -119.1940843235245,
            40.77812152097292
          ],
          [
            -119.19427582582213,
            40.778011733849354
          ],
          [
            -119.19446966475292,
            40.777904343082106
          ],
          [
            -119.19466578843137,
            40.77779937741075
          ],
          [
            -119.19486414436133,
            40.77769686492581
          ],
          [
            -119.19506467944987,
            40.77759683306108
          ],
          [
            -119.19526734002179,
            40.777499308586414
          ],
          [
            -119.19547207183368,
            40.777404317600585
          ],
          [
            -119.19567882008856,
            40.77731188552422
          ]
        ]
      }
    },
    {
      "type": "Feature",
      "properties": {
        "name": "3:00",
        "kind": "avenue",
        "street_status": "autofilled"
      },
      "geometry": {
        "type": "LineString",
        "coordinates": [
          [
            -119.19264243783698,
            40.7790824300646
          ],
          [
            -119.19140445953468,
            40.778140915781385
          ]
        ]
      }
    },
    {
      "type": "Feature",
      "properties": {
        "name": "C",
        "kind": "annular",
        "street_status": "autofilled"
      },
      "geometry": {
        "type": "LineString",
        "coordinates": [
          [
            -119.20931751154862,
            40.7786558501011
          ],
          [
            -119.20958198268781,
            40.77877516561575
          ],
          [
            -119.20984385018889,
            40.77890009150594
          ],
          [
            -119.21010299505747,
            40.779030571004455
          ],
          [
            -119.21035929953628,
            40.779166544820534
          ]
        ]
      }
    },
    {
      "type": "Feature",
      "properties": {
        "name": "5:00",
        "kind": "avenue",
        "street_status": "autofilled"
      },
      "geometry": {
        "type": "LineString",
        "coordinates": [
          [
            -119.20575070116053,
            40.77918212459521
          ],
          [
            -119.20601240794508,
            40.77843978006409
          ]
        ]
      }
    },
    {
      "type": "Feature",
      "properties": {
        "name": "A",
        "kind": "annular",
        "street_status": "autofilled"
      },
      "geometry": {
        "type": "LineString",
        "coordinates": [
          [
            -119.20300798597876,
            40.778907481500035
          ],
          [
            -119.20331474755625,
            40.77891075327034
          ],
          [
            -119.20362135974392,
            40.77892085963402
          ],
          [
            -119.20392767028746,
            40.77893779557257
          ],
          [
            -119.20423352708235,
            40.778961552676094
          ],
          [
            -119.20453877824943,
            40.77899211914755
          ],
          [
            -119.2048432722102,
            40.779029479808564
          ],
          [
            -119.20514685776223,
            40.77907361610696
          ],
          [
            -119.20544938415415,
            40.77912450612599
          ],
          [
            -119.20575070116053,
            40.77918212459521
          ]
        ]
      }
    },
    {
      "type": "Feature",
      "properties": {
        "name": "A",
        "kind": "annular",
        "street_status": "autofilled"
      },
      "geometry": {
        "type": "LineString",
        "coordinates": [
          [
            -119.20026521136083,
            40.77918177819817
          ],
          [
            -119.20056654095286,
            40.77912419780192
          ],
          [
            -119.20086907844512,
            40.77907334600426
          ],
          [
            -119.20117267360675,
            40.779029248056645
          ],
          [
            -119.20147717568167,
            40.77899192585675
          ],
          [
            -119.20178243346348,
            40.778961397937664
          ],
          [
            -119.2020882953705,
            40.778937679458586
          ],
          [
            -119.20239460952104,
            40.77892078219742
          ],
          [
            -119.20270122380889,
            40.77891071454481
          ],
          [
            -119.20300798597876,
            40.778907481500035
          ]
        ]
      }
    },
    {
      "type": "Feature",
      "properties": {
        "name": "4:00",
        "kind": "avenue",
        "street_status": "autofilled"
      },
      "geometry": {
        "type": "LineString",
        "coordinates": [
          [
            -119.20026521136083,
            40.77918177819817
          ],
          [
            -119.20000366853743,
            40.77843940053907
          ]
        ]
      }
    },
    {
      "type": "Feature",
      "properties": {
        "name": "B",
        "kind": "annular",
        "street_status": "autofilled"
      },
      "geometry": {
        "type": "LineString",
        "coordinates": [
          [
            -119.19720386677088,
            40.779320687426555
          ],
          [
            -119.19747467149996,
            40.77920604967046
          ],
          [
            -119.19774784772373,
            40.77909718441408
          ],
          [
            -119.19802327240645,
            40.778994140689186
          ],
          [
            -119.1983008214997,
            40.77889696490562
          ],
          [
            -119.19858036999824,
            40.77880570083034
          ],
          [
            -119.19886179199634,
            40.77872038956774
          ],
          [
            -119.19914496074443,
            40.778641069541116
          ],
          [
            -119.19942974870627,
            40.7785677764754
          ],
          [
            -119.19971602761628,
            40.77850054338102
          ],
          [
            -119.20000366853743,
            40.77843940053907
          ]
        ]
      }
    },
    {
      "type": "Feature",
      "properties": {
        "name": "3:30",
        "kind": "avenue",
        "street_status": "autofilled"
      },
      "geometry": {
        "type": "LineString",
        "coordinates": [
          [
            -119.19720386677088,
            40.779320687426555
          ],
          [
            -119.19669851725753,
            40.778655052967835
          ]
        ]
      }
    },
    {
      "type": "Feature",
      "properties": {
        "name": "5:30",
        "kind": "avenue",
        "street_status": "autofilled"
      },
      "geometry": {
        "type": "LineString",
        "coordinates": [
          [
            -119.20881201265819,
            40.77932142326261
          ],
          [
            -119.20931751154862,
            40.7786558501011
          ]
        ]
      }
    },
    {
      "type": "Feature",
      "properties": {
        "name": "B",
        "kind": "annular",
        "street_status": "autofilled"
      },
      "geometry": {
        "type": "LineString",
        "coordinates": [
          [
            -119.20601240794508,
            40.77843978006409
          ],
          [
            -119.20630003514114,
            40.778500959532415
          ],
          [
            -119.2065862989761,
            40.778568229075304
          ],
          [
            -119.20687107051978,
            40.77864155839524
          ],
          [
            -119.20715422151402,
            40.77872091446549
          ],
          [
            -119.2074356244306,
            40.7788062615449
          ],
          [
            -119.20771515252859,
            40.77889756119405
          ],
          [
            -119.2079926799115,
            40.77899477229253
          ],
          [
            -119.20826808158385,
            40.77909785105748
          ],
          [
            -119.20854123350767,
            40.77920675106331
          ],
          [
            -119.20881201265819,
            40.77932142326261
          ]
        ]
      }
    },
    {
      "type": "Feature",
      "properties": {
        "name": "6:30",
        "kind": "avenue",
        "street_status": "autofilled"
      },
      "geometry": {
        "type": "LineString",
        "coordinates": [
          [
            -119.22040908435736,
            40.779325853483456
          ],
          [
            -119.22100315607821,
            40.779065042652206
          ]
        ]
      }
    },
    {
      "type": "Feature",
      "properties": {
        "name": "J",
        "kind": "annular",
        "street_status": "autofilled"
      },
      "geometry": {
        "type": "LineString",
        "coordinates": [
          [
            -119.21894865933447,
            40.7776646674134
          ],
          [
            -119.21917137154514,
            40.777889177362354
          ],
          [
            -119.21938953367246,
            40.778118111277436
          ],
          [
            -119.21960305786526,
            40.77835137696986
          ],
          [
            -119.21981185814002,
            40.77858888050644
          ],
          [
            -119.2200158504155,
            40.77883052624751
          ],
          [
            -119.22021495254658,
            40.77907621688536
          ],
          [
            -119.22040908435736,
            40.779325853483456
          ]
        ]
      }
    },
    {
      "type": "Feature",
      "properties": {
        "name": "J",
        "kind": "annular",
        "street_status": "autofilled"
      },
      "geometry": {
        "type": "LineString",
        "coordinates": [
          [
            -119.18560679543849,
            40.77932365007941
          ],
          [
            -119.1858009823821,
            40.77907403806676
          ],
          [
            -119.1860001387746,
            40.778828372643545
          ],
          [
            -119.18620418441816,
            40.778586752736175
          ],
          [
            -119.18641303714615,
            40.77834927564198
          ],
          [
            -119.18662661285623,
            40.778116036990006
          ],
          [
            -119.18684482554406,
            40.77788713070257
          ],
          [
            -119.18706758733813,
            40.77766264895736
          ]
        ]
      }
    },
    {
      "type": "Feature",
      "properties": {
        "name": "2:30",
        "kind": "avenue",
        "street_status": "autofilled"
      },
      "geometry": {
        "type": "LineString",
        "coordinates": [
          [
            -119.18560679543849,
            40.77932365007941
          ],
          [
            -119.18501278132963,
            40.77906276402797
          ]
        ]
      }
    },
    {
      "type": "Feature",
      "properties": {
        "name": "6:15",
        "kind": "avenue",
        "street_status": "autofilled"
      },
      "geometry": {
        "type": "LineString",
        "coordinates": [
          [
            -119.21602709380224,
            40.77936918779208
          ],
          [
            -119.21682910482477,
            40.7789012892038
          ]
        ]
      }
    },
    {
      "type": "Feature",
      "properties": {
        "name": "F",
        "kind": "annular",
        "street_status": "autofilled"
      },
      "geometry": {
        "type": "LineString",
        "coordinates": [
          [
            -119.21461168630506,
            40.77814238147589
          ],
          [
            -119.2148585360613,
            40.77833384079363
          ],
          [
            -119.2151011577556,
            40.778530630377404
          ],
          [
            -119.21533943632156,
            40.77873265689726
          ],
          [
            -119.2155732587525,
            40.778939824539535
          ],
          [
            -119.21580251415517,
            40.77915203505232
          ],
          [
            -119.21602709380224,
            40.77936918779208
          ]
        ]
      }
    },
    {
      "type": "Feature",
      "properties": {
        "name": "F",
        "kind": "annular",
        "street_status": "autofilled"
      },
      "geometry": {
        "type": "LineString",
        "coordinates": [
          [
            -119.18998877517713,
            40.779367540153295
          ],
          [
            -119.19021340380438,
            40.77915041626193
          ],
          [
            -119.19044270708201,
            40.778938235206915
          ],
          [
            -119.19067657626017,
            40.77873109761769
          ],
          [
            -119.19091490042359,
            40.77852910173169
          ],
          [
            -119.19115756654419,
            40.77833234334792
          ],
          [
            -119.19140445953468,
            40.778140915781385
          ]
        ]
      }
    },
    {
      "type": "Feature",
      "properties": {
        "name": "2:45",
        "kind": "path",
        "street_status": "autofilled"
      },
      "geometry": {
        "type": "LineString",
        "coordinates": [
          [
            -119.18998877517713,
            40.779367540153295
          ],
          [
            -119.18918686513926,
            40.778899538216095
          ]
        ]
      }
    },
    {
      "type": "Feature",
      "properties": {
        "name": "6:30",
        "kind": "avenue",
        "street_status": "autofilled"
      },
      "geometry": {
        "type": "LineString",
        "coordinates": [
          [
            -119.21984627927239,
            40.77957293289135
          ],
          [
            -119.22040908435736,
            40.779325853483456
          ]
        ]
      }
    },
    {
      "type": "Feature",
      "properties": {
        "name": "I",
        "kind": "annular",
        "street_status": "autofilled"
      },
      "geometry": {
        "type": "LineString",
        "coordinates": [
          [
            -119.21843310376943,
            40.77796546799341
          ],
          [
            -119.21864861088412,
            40.7781827175253
          ],
          [
            -119.21885971500521,
            40.778404247953475
          ],
          [
            -119.21906633112161,
            40.778629970068195
          ],
          [
            -119.21926837602952,
            40.778859792971716
          ],
          [
            -119.21946576836596,
            40.77909362411493
          ],
          [
            -119.21965842864152,
            40.77933136933461
          ],
          [
            -119.21984627927239,
            40.77957293289135
          ]
        ]
      }
    },
    {
      "type": "Feature",
      "properties": {
        "name": "I",
        "kind": "annular",
        "street_status": "autofilled"
      },
      "geometry": {
        "type": "LineString",
        "coordinates": [
          [
            -119.1861695459446,
            40.77957080074855
          ],
          [
            -119.18635745029134,
            40.77932926122876
          ],
          [
            -119.18655016343033,
            40.77909154065879
          ],
          [
            -119.18674760775653,
            40.77885773476798
          ],
          [
            -119.18694970375975,
            40.77862793770925
          ],
          [
            -119.18715637005653,
            40.77840224202116
          ],
          [
            -119.18736752342303,
            40.778180738590656
          ],
          [
            -119.18758307882841,
            40.7779635166165
          ]
        ]
      }
    },
    {
      "type": "Feature",
      "properties": {
        "name": "2:30",
        "kind": "avenue",
        "street_status": "autofilled"
      },
      "geometry": {
        "type": "LineString",
        "coordinates": [
          [
            -119.1861695459446,
            40.77957080074855
          ],
          [
            -119.18560679543849,
            40.77932365007941
          ]
        ]
      }
    },
    {
      "type": "Feature",
      "properties": {
        "name": "D",
        "kind": "annular",
        "street_status": "autofilled"
      },
      "geometry": {
        "type": "LineString",
        "coordinates": [
          [
            -119.19336992469476,
            40.77963568383259
          ],
          [
            -119.19352893904879,
            40.779516809520054
          ],
          [
            -119.1936904900823,
            40.7793999287348
          ],
          [
            -119.19385453454558,
            40.77928507275822
          ],
          [
            -119.19402102852234,
            40.77917227232961
          ],
          [
            -119.19418992744119,
            40.779061557637995
          ],
          [
            -119.19436118608796,
            40.778952958314036
          ],
          [
            -119.19453475861756,
            40.778846503422116
          ],
          [
            -119.1947105985663,
            40.77874222145258
          ],
          [
            -119.19488865886434,
            40.77864014031407
          ],
          [
            -119.19506889184831,
            40.778540287326166
          ],
          [
            -119.19525124927401,
            40.778442689211964
          ],
          [
            -119.19543568232929,
            40.778347372090984
          ],
          [
            -119.19562214164723,
            40.778254361472214
          ],
          [
            -119.19581057731924,
            40.77816368224728
          ],
          [
            -119.1960009389084,
            40.77807535868376
          ],
          [
            -119.1961931754631,
            40.77798941441868
          ]
        ]
      }
    },
    {
      "type": "Feature",
      "properties": {
        "name": "3:00",
        "kind": "avenue",
        "street_status": "autofilled"
      },
      "geometry": {
        "type": "LineString",
        "coordinates": [
          [
            -119.19336992469476,
            40.77963568383259
          ],
          [
            -119.19264243783698,
            40.7790824300646
          ]
        ]
      }
    },
    {
      "type": "Feature",
      "properties": {
        "name": "6:00",
        "kind": "avenue",
        "street_status": "autofilled"
      },
      "geometry": {
        "type": "LineString",
        "coordinates": [
          [
            -119.21337349888876,
            40.779083739888584
          ],
          [
            -119.21264588392437,
            40.77963690603419
          ]
        ]
      }
    },
    {
      "type": "Feature",
      "properties": {
        "name": "D",
        "kind": "annular",
        "street_status": "autofilled"
      },
      "geometry": {
        "type": "LineString",
        "coordinates": [
          [
            -119.20982300035186,
            40.77799027464918
          ],
          [
            -119.21001521774964,
            40.778076243551645
          ],
          [
            -119.21020555964961,
            40.778164591513466
          ],
          [
            -119.21039397510536,
            40.77825529489106
          ],
          [
            -119.21058041368543,
            40.7783483294104
          ],
          [
            -119.21076482548672,
            40.77844367017342
          ],
          [
            -119.21094716114798,
            40.77854129166483
          ],
          [
            -119.21112737186284,
            40.77864116775883
          ],
          [
            -119.21130540939309,
            40.778743271726086
          ],
          [
            -119.21148122608137,
            40.77884757624096
          ],
          [
            -119.21165477486407,
            40.77895405338869
          ],
          [
            -119.21182600928384,
            40.77906267467302
          ],
          [
            -119.2119948835021,
            40.77917341102368
          ],
          [
            -119.21216135231111,
            40.77928623280412
          ],
          [
            -119.21232537114642,
            40.779401109819645
          ],
          [
            -119.21248689609843,
            40.77951801132534
          ],
          [
            -119.21264588392437,
            40.77963690603419
          ]
        ]
      }
    },
    {
      "type": "Feature",
      "properties": {
        "name": "Route 66",
        "kind": null,
        "street_status": "autofilled"
      },
      "geometry": {
        "type": "LineString",
        "coordinates": [
          [
            -119.21035929953628,
            40.779166544820534
          ],
          [
            -119.21032763793285,
            40.7792000001716
          ],
          [
            -119.20976889685608,
            40.779790417982944
          ]
        ]
      }
    },
    {
      "type": "Feature",
      "properties": {
        "name": "B",
        "kind": "annular",
        "street_status": "autofilled"
      },
      "geometry": {
        "type": "LineString",
        "coordinates": [
          [
            -119.20881201265819,
            40.77932142326261
          ],
          [
            -119.20905492347495,
            40.77943100718667
          ],
          [
            -119.20929544689096,
            40.77954573597805
          ],
          [
            -119.20953347395738,
            40.77966555766851
          ],
          [
            -119.20976889685608,
            40.779790417982944
          ]
        ]
      }
    },
    {
      "type": "Feature",
      "properties": {
        "name": "6:30",
        "kind": "avenue",
        "street_status": "autofilled"
      },
      "geometry": {
        "type": "LineString",
        "coordinates": [
          [
            -119.2189707981167,
            40.77995727226134
          ],
          [
            -119.21984627927239,
            40.77957293289135
          ]
        ]
      }
    },
    {
      "type": "Feature",
      "properties": {
        "name": "H",
        "kind": "annular",
        "street_status": "autofilled"
      },
      "geometry": {
        "type": "LineString",
        "coordinates": [
          [
            -119.21763111170064,
            40.778433380502726
          ],
          [
            -119.21783541222126,
            40.77863933503959
          ],
          [
            -119.21803553859415,
            40.77884934792809
          ],
          [
            -119.2182314102262,
            40.77906333459373
          ],
          [
            -119.21842294823774,
            40.779281208861754
          ],
          [
            -119.21861007549438,
            40.779502882991814
          ],
          [
            -119.21879271663789,
            40.7797282677133
          ],
          [
            -119.2189707981167,
            40.77995727226134
          ]
        ]
      }
    },
    {
      "type": "Feature",
      "properties": {
        "name": "H",
        "kind": "annular",
        "street_status": "autofilled"
      },
      "geometry": {
        "type": "LineString",
        "coordinates": [
          [
            -119.18704494457019,
            40.77995525187119
          ],
          [
            -119.18722307592161,
            40.779726269649714
          ],
          [
            -119.18740576614702,
            40.779500907821166
          ],
          [
            -119.18759294167488,
            40.77927925714139
          ],
          [
            -119.1877845271274,
            40.77906140687173
          ],
          [
            -119.18798044535092,
            40.77884744474304
          ],
          [
            -119.18818061744683,
            40.778637456920386
          ],
          [
            -119.18838496280348,
            40.77843152796832
          ]
        ]
      }
    },
    {
      "type": "Feature",
      "properties": {
        "name": "2:30",
        "kind": "avenue",
        "street_status": "autofilled"
      },
      "geometry": {
        "type": "LineString",
        "coordinates": [
          [
            -119.18704494457019,
            40.77995525187119
          ],
          [
            -119.1861695459446,
            40.77957080074855
          ]
        ]
      }
    },
    {
      "type": "Feature",
      "properties": {
        "name": "5:30",
        "kind": "avenue",
        "street_status": "autofilled"
      },
      "geometry": {
        "type": "LineString",
        "coordinates": [
          [
            -119.20830650841863,
            40.77998698963103
          ],
          [
            -119.20881201265819,
            40.77932142326261
          ]
        ]
      }
    },
    {
      "type": "Feature",
      "properties": {
        "name": "A",
        "kind": "annular",
        "street_status": "autofilled"
      },
      "geometry": {
        "type": "LineString",
        "coordinates": [
          [
            -119.20575070116053,
            40.77918212459521
          ],
          [
            -119.20604238184164,
            40.77924452545266
          ],
          [
            -119.20633250976933,
            40.779313786507075
          ],
          [
            -119.20662092362184,
            40.77938986924679
          ],
          [
            -119.20690746303065,
            40.77947273136703
          ],
          [
            -119.20719196866935,
            40.77956232679343
          ],
          [
            -119.20747428234247,
            40.77965860570768
          ],
          [
            -119.20775424707334,
            40.77976151457519
          ],
          [
            -119.20803170719137,
            40.7798709961749
          ],
          [
            -119.20830650841863,
            40.77998698963103
          ]
        ]
      }
    },
    {
      "type": "Feature",
      "properties": {
        "name": "A",
        "kind": "annular",
        "street_status": "autofilled"
      },
      "geometry": {
        "type": "LineString",
        "coordinates": [
          [
            -119.1977092287408,
            40.779986323198386
          ],
          [
            -119.1979840552766,
            40.779870364141836
          ],
          [
            -119.19826153927605,
            40.779760917277095
          ],
          [
            -119.19854152644764,
            40.77965804346072
          ],
          [
            -119.19882386110804,
            40.77956179989442
          ],
          [
            -119.19910838626858,
            40.779472240093206
          ],
          [
            -119.19939494372261,
            40.7793894138557
          ],
          [
            -119.19968337413343,
            40.779313367236384
          ],
          [
            -119.19997351712297,
            40.77924414252003
          ],
          [
            -119.20026521136083,
            40.77918177819817
          ]
        ]
      }
    },
    {
      "type": "Feature",
      "properties": {
        "name": "3:30",
        "kind": "avenue",
        "street_status": "autofilled"
      },
      "geometry": {
        "type": "LineString",
        "coordinates": [
          [
            -119.1977092287408,
            40.779986323198386
          ],
          [
            -119.19720386677088,
            40.779320687426555
          ]
        ]
      }
    },
    {
      "type": "Feature",
      "properties": {
        "name": "4:30",
        "kind": "avenue",
        "street_status": "autofilled"
      },
      "geometry": {
        "type": "LineString",
        "coordinates": [
          [
            -119.20300785412435,
            40.78010146643946
          ],
          [
            -119.20300798597876,
            40.778907481500035
          ]
        ]
      }
    },
    {
      "type": "Feature",
      "properties": {
        "name": "ESP",
        "kind": "annular",
        "street_status": "autofilled"
      },
      "geometry": {
        "type": "LineString",
        "coordinates": [
          [
            -119.20300785412435,
            40.78010146643946
          ],
          [
            -119.20299899212137,
            40.78010146857964
          ]
        ]
      }
    },
    {
      "type": "Feature",
      "properties": {
        "name": "5:30",
        "kind": "avenue",
        "street_status": "autofilled"
      },
      "geometry": {
        "type": "LineString",
        "coordinates": [
          [
            -119.20817233250322,
            40.78016364736066
          ],
          [
            -119.20830650841863,
            40.77998698963103
          ]
        ]
      }
    },
    {
      "type": "Feature",
      "properties": {
        "name": "Rods Road",
        "kind": "center_camp",
        "street_status": "autofilled"
      },
      "geometry": {
        "type": "LineString",
        "coordinates": [
          [
            -119.20817233250322,
            40.78016364736066
          ],
          [
            -119.20823707077888,
            40.78007353390113
          ],
          [
            -119.20830650841863,
            40.77998698963103
          ]
        ]
      }
    },
    {
      "type": "Feature",
      "properties": {
        "name": "6:00",
        "kind": "avenue",
        "street_status": "autofilled"
      },
      "geometry": {
        "type": "LineString",
        "coordinates": [
          [
            -119.21264588392437,
            40.77963690603419
          ],
          [
            -119.21193103023664,
            40.78018035702058
          ]
        ]
      }
    },
    {
      "type": "Feature",
      "properties": {
        "name": "C",
        "kind": "annular",
        "street_status": "autofilled"
      },
      "geometry": {
        "type": "LineString",
        "coordinates": [
          [
            -119.21035929953628,
            40.779166544820534
          ],
          [
            -119.21059294599863,
            40.779296673280676
          ],
          [
            -119.21082373122735,
            40.77943181095026
          ],
          [
            -119.21105154785101,
            40.7795718949573
          ],
          [
            -119.21127628987932,
            40.77971686012856
          ],
          [
            -119.21149785275239,
            40.779866639019865
          ],
          [
            -119.2117161333894,
            40.780021161947495
          ],
          [
            -119.21193103023664,
            40.78018035702058
          ]
        ]
      }
    },
    {
      "type": "Feature",
      "properties": {
        "name": "C",
        "kind": "annular",
        "street_status": "autofilled"
      },
      "geometry": {
        "type": "LineString",
        "coordinates": [
          [
            -119.19408466426543,
            40.780179229832555
          ],
          [
            -119.1942318841479,
            40.78006917172077
          ],
          [
            -119.1943814526388,
            40.779960959272564
          ],
          [
            -119.19453332969616,
            40.779854621450156
          ],
          [
            -119.19468747466085,
            40.77975018671381
          ],
          [
            -119.19484384626719,
            40.77964768301435
          ],
          [
            -119.19500240265421,
            40.77954713778567
          ],
          [
            -119.1951631013768,
            40.779448577937316
          ],
          [
            -119.19532589941707,
            40.77935202984742
          ],
          [
            -119.19549075319578,
            40.77925751935559
          ],
          [
            -119.19565761858418,
            40.77916507175593
          ],
          [
            -119.1958264509156,
            40.779074711790415
          ],
          [
            -119.19599720499761,
            40.77898646364214
          ],
          [
            -119.19616983512394,
            40.77890035092897
          ],
          [
            -119.19634429508679,
            40.778816396697174
          ],
          [
            -119.19652053818919,
            40.778734623415225
          ],
          [
            -119.19669851725753,
            40.778655052967835
          ]
        ]
      }
    },
    {
      "type": "Feature",
      "properties": {
        "name": "3:00",
        "kind": "avenue",
        "street_status": "autofilled"
      },
      "geometry": {
        "type": "LineString",
        "coordinates": [
          [
            -119.19408466426543,
            40.780179229832555
          ],
          [
            -119.19336992469476,
            40.77963568383259
          ]
        ]
      }
    },
    {
      "type": "Feature",
      "properties": {
        "name": "5:00",
        "kind": "avenue",
        "street_status": "autofilled"
      },
      "geometry": {
        "type": "LineString",
        "coordinates": [
          [
            -119.20534410845241,
            40.78033540705073
          ],
          [
            -119.20575070116053,
            40.77918212459521
          ]
        ]
      }
    },
    {
      "type": "Feature",
      "properties": {
        "name": "ESP",
        "kind": "annular",
        "street_status": "autofilled"
      },
      "geometry": {
        "type": "LineString",
        "coordinates": [
          [
            -119.20300785412435,
            40.78010146643946
          ],
          [
            -119.20326915468996,
            40.78010425318654
          ],
          [
            -119.20353032800824,
            40.780112861666424
          ],
          [
            -119.20379124438833,
            40.780127287604394
          ],
          [
            -119.20405177426696,
            40.78014752383695
          ],
          [
            -119.20431178827279,
            40.7801735603154
          ],
          [
            -119.20457115729066,
            40.7802053841108
          ],
          [
            -119.20482975252564,
            40.780242979420414
          ],
          [
            -119.20508744556712,
            40.78028632757552
          ],
          [
            -119.20534410845241,
            40.78033540705073
          ]
        ]
      }
    },
    {
      "type": "Feature",
      "properties": {
        "name": "ESP",
        "kind": "annular",
        "street_status": "autofilled"
      },
      "geometry": {
        "type": "LineString",
        "coordinates": [
          [
            -119.20067154815973,
            40.780335111221405
          ],
          [
            -119.20092725252078,
            40.780286237225944
          ],
          [
            -119.20118397859935,
            40.78024305186743
          ],
          [
            -119.20144159985465,
            40.780205576431996
          ],
          [
            -119.20169998930471,
            40.78017382939136
          ],
          [
            -119.20195901958891,
            40.780147826393694
          ],
          [
            -119.20221856303074,
            40.78012758025592
          ],
          [
            -119.20247849170077,
            40.780113100957415
          ],
          [
            -119.20273867747964,
            40.78010439563503
          ],
          [
            -119.20299899212137,
            40.78010146857964
          ]
        ]
      }
    },
    {
      "type": "Feature",
      "properties": {
        "name": "4:00",
        "kind": "avenue",
        "street_status": "autofilled"
      },
      "geometry": {
        "type": "LineString",
        "coordinates": [
          [
            -119.20067154815973,
            40.780335111221405
          ],
          [
            -119.20026521136083,
            40.77918177819817
          ]
        ]
      }
    },
    {
      "type": "Feature",
      "properties": {
        "name": "G",
        "kind": "annular",
        "street_status": "autofilled"
      },
      "geometry": {
        "type": "LineString",
        "coordinates": [
          [
            -119.18792035210495,
            40.78033969632947
          ],
          [
            -119.1880887119126,
            40.78012327216359
          ],
          [
            -119.18826138064207,
            40.77991026984783
          ],
          [
            -119.1884382887554,
            40.779700775163505
          ],
          [
            -119.18861936500731,
            40.77949487247931
          ],
          [
            -119.1888045364739,
            40.77929264471739
          ],
          [
            -119.18899372858199,
            40.77909417331986
          ],
          [
            -119.18918686513926,
            40.778899538216095
          ]
        ]
      }
    },
    {
      "type": "Feature",
      "properties": {
        "name": "2:30",
        "kind": "avenue",
        "street_status": "autofilled"
      },
      "geometry": {
        "type": "LineString",
        "coordinates": [
          [
            -119.18792035210495,
            40.78033969632947
          ],
          [
            -119.18704494457019,
            40.77995525187119
          ]
        ]
      }
    },
    {
      "type": "Feature",
      "properties": {
        "name": "6:30",
        "kind": "avenue",
        "street_status": "autofilled"
      },
      "geometry": {
        "type": "LineString",
        "coordinates": [
          [
            -119.2180952973924,
            40.78034160946917
          ],
          [
            -119.2189707981167,
            40.77995727226134
          ]
        ]
      }
    },
    {
      "type": "Feature",
      "properties": {
        "name": "G",
        "kind": "annular",
        "street_status": "autofilled"
      },
      "geometry": {
        "type": "LineString",
        "coordinates": [
          [
            -119.21682910482477,
            40.7789012892038
          ],
          [
            -119.21702219808289,
            40.77909594902444
          ],
          [
            -119.21721134603463,
            40.7792944446376
          ],
          [
            -119.21739647250529,
            40.779496696104005
          ],
          [
            -119.21757750293965,
            40.779702621971786
          ],
          [
            -119.21775436443212,
            40.77991213930931
          ],
          [
            -119.21792698575607,
            40.780125163738575
          ],
          [
            -119.2180952973924,
            40.78034160946917
          ]
        ]
      }
    },
    {
      "type": "Feature",
      "properties": {
        "name": "Route 66",
        "kind": null,
        "street_status": "autofilled"
      },
      "geometry": {
        "type": "LineString",
        "coordinates": [
          [
            -119.20976889685608,
            40.779790417982944
          ],
          [
            -119.2091784843159,
            40.780414288958596
          ]
        ]
      }
    },
    {
      "type": "Feature",
      "properties": {
        "name": "A",
        "kind": "annular",
        "street_status": "autofilled"
      },
      "geometry": {
        "type": "LineString",
        "coordinates": [
          [
            -119.20830650841863,
            40.77998698963103
          ],
          [
            -119.20852785785122,
            40.7800868430946
          ],
          [
            -119.20874703607764,
            40.78019137593268
          ],
          [
            -119.20896394419275,
            40.78030054097441
          ],
          [
            -119.2091784843159,
            40.780414288958596
          ]
        ]
      }
    },
    {
      "type": "Feature",
      "properties": {
        "name": "6:00",
        "kind": "avenue",
        "street_status": "autofilled"
      },
      "geometry": {
        "type": "LineString",
        "coordinates": [
          [
            -119.21193103023664,
            40.78018035702058
          ],
          [
            -119.21121616134529,
            40.78072380623034
          ]
        ]
      }
    },
    {
      "type": "Feature",
      "properties": {
        "name": "B",
        "kind": "annular",
        "street_status": "autofilled"
      },
      "geometry": {
        "type": "LineString",
        "coordinates": [
          [
            -119.20976889685608,
            40.779790417982944
          ],
          [
            -119.20998404687985,
            40.77991020907235
          ],
          [
            -119.21019656050079,
            40.78003461701405
          ],
          [
            -119.21040633866761,
            40.78016358382229
          ],
          [
            -119.21061328360402,
            40.78029704938642
          ],
          [
            -119.2108172988543,
            40.780434951499
          ],
          [
            -119.21101828932818,
            40.780577225884706
          ],
          [
            -119.21121616134529,
            40.78072380623034
          ]
        ]
      }
    },
    {
      "type": "Feature",
      "properties": {
        "name": "B",
        "kind": "annular",
        "street_status": "autofilled"
      },
      "geometry": {
        "type": "LineString",
        "coordinates": [
          [
            -119.19479941311833,
            40.78072276955437
          ],
          [
            -119.19493483852702,
            40.78062152779005
          ],
          [
            -119.1950724244599,
            40.78052198382515
          ],
          [
            -119.19521213408295,
            40.780424164302374
          ],
          [
            -119.19535392999411,
            40.78032809540286
          ],
          [
            -119.19549777423349,
            40.78023380283903
          ],
          [
            -119.19564362829348,
            40.78014131184784
          ],
          [
            -119.19579145312898,
            40.78005064718389
          ],
          [
            -119.19594120916798,
            40.77996183311294
          ],
          [
            -119.19609285632204,
            40.77987489340531
          ],
          [
            -119.1962463539971,
            40.77978985132957
          ],
          [
            -119.19640166110428,
            40.77970672964635
          ],
          [
            -119.19655873607084,
            40.77962555060222
          ],
          [
            -119.19671753685148,
            40.779546335923726
          ],
          [
            -119.19687802093935,
            40.77946910681161
          ],
          [
            -119.19704014537764,
            40.779393883935136
          ],
          [
            -119.19720386677088,
            40.779320687426555
          ]
        ]
      }
    },
    {
      "type": "Feature",
      "properties": {
        "name": "3:00",
        "kind": "avenue",
        "street_status": "autofilled"
      },
      "geometry": {
        "type": "LineString",
        "coordinates": [
          [
            -119.19479941311833,
            40.78072276955437
          ],
          [
            -119.19408466426543,
            40.780179229832555
          ]
        ]
      }
    },
    {
      "type": "Feature",
      "properties": {
        "name": "6:30",
        "kind": "avenue",
        "street_status": "autofilled"
      },
      "geometry": {
        "type": "LineString",
        "coordinates": [
          [
            -119.21721980197488,
            40.780725932806135
          ],
          [
            -119.2180952973924,
            40.78034160946917
          ]
        ]
      }
    },
    {
      "type": "Feature",
      "properties": {
        "name": "F",
        "kind": "annular",
        "street_status": "autofilled"
      },
      "geometry": {
        "type": "LineString",
        "coordinates": [
          [
            -119.21602709380224,
            40.77936918779208
          ],
          [
            -119.21623893624961,
            40.77958346638016
          ],
          [
            -119.21644570385203,
            40.779802645990024
          ],
          [
            -119.21664728326655,
            40.7800266064749
          ],
          [
            -119.21684356399422,
            40.780255225067265
          ],
          [
            -119.2170344384406,
            40.78048837644622
          ],
          [
            -119.21721980197488,
            40.780725932806135
          ]
        ]
      }
    },
    {
      "type": "Feature",
      "properties": {
        "name": "F",
        "kind": "annular",
        "street_status": "autofilled"
      },
      "geometry": {
        "type": "LineString",
        "coordinates": [
          [
            -119.18879576854913,
            40.78072413322262
          ],
          [
            -119.18898118436857,
            40.780486600506435
          ],
          [
            -119.1891721101199,
            40.78025347346169
          ],
          [
            -119.18936844114421,
            40.78002487988055
          ],
          [
            -119.18957006981964,
            40.779800945070086
          ],
          [
            -119.18977688562038,
            40.779581791783585
          ],
          [
            -119.18998877517713,
            40.779367540153295
          ]
        ]
      }
    },
    {
      "type": "Feature",
      "properties": {
        "name": "2:30",
        "kind": "avenue",
        "street_status": "autofilled"
      },
      "geometry": {
        "type": "LineString",
        "coordinates": [
          [
            -119.18879576854913,
            40.78072413322262
          ],
          [
            -119.18792035210495,
            40.78033969632947
          ]
        ]
      }
    },
    {
      "type": "Feature",
      "properties": {
        "name": "K",
        "kind": "annular",
        "street_status": "autofilled"
      },
      "geometry": {
        "type": "LineString",
        "coordinates": [
          [
            -119.22100315607821,
            40.779065042652206
          ],
          [
            -119.22119183239658,
            40.77931836570678
          ],
          [
            -119.22137501473226,
            40.77957568966046
          ],
          [
            -119.2215526182851,
            40.77983689539098
          ],
          [
            -119.22172456083756,
            40.780101861979034
          ],
          [
            -119.22189076279275,
            40.780370466764325
          ],
          [
            -119.22205114721119,
            40.78064258540235
          ],
          [
            -119.22220563984658,
            40.78091809192194
          ]
        ]
      }
    },
    {
      "type": "Feature",
      "properties": {
        "name": "K",
        "kind": "annular",
        "street_status": "autofilled"
      },
      "geometry": {
        "type": "LineString",
        "coordinates": [
          [
            -119.18380988830522,
            40.780915661008656
          ],
          [
            -119.18396444178738,
            40.78064017405622
          ],
          [
            -119.1841248863045,
            40.78036807573102
          ],
          [
            -119.18429114758244,
            40.780099491994825
          ],
          [
            -119.18446314865427,
            40.77983454718245
          ],
          [
            -119.18464080989595,
            40.77957336394414
          ],
          [
            -119.18482404906322,
            40.77931606318878
          ],
          [
            -119.18501278132963,
            40.77906276402797
          ]
        ]
      }
    },
    {
      "type": "Feature",
      "properties": {
        "name": "5:30",
        "kind": "avenue",
        "street_status": "autofilled"
      },
      "geometry": {
        "type": "LineString",
        "coordinates": [
          [
            -119.20752114594329,
            40.78102099540016
          ],
          [
            -119.20817233250322,
            40.78016364736066
          ]
        ]
      }
    },
    {
      "type": "Feature",
      "properties": {
        "name": "ESP",
        "kind": "annular",
        "street_status": "autofilled"
      },
      "geometry": {
        "type": "LineString",
        "coordinates": [
          [
            -119.20534410845241,
            40.78033540705073
          ],
          [
            -119.20559256224722,
            40.780388560377396
          ],
          [
            -119.20583969338853,
            40.78044755727252
          ],
          [
            -119.20608536446018,
            40.78051236493113
          ],
          [
            -119.20632943885784,
            40.78058294731722
          ],
          [
            -119.206571780865,
            40.780659265183765
          ],
          [
            -119.20681225572847,
            40.780741276094545
          ],
          [
            -119.20705072973324,
            40.780828934447754
          ],
          [
            -119.20728707027688,
            40.780922191501354
          ],
          [
            -119.20752114594329,
            40.78102099540016
          ]
        ]
      }
    },
    {
      "type": "Feature",
      "properties": {
        "name": "ESP",
        "kind": "annular",
        "street_status": "autofilled"
      },
      "geometry": {
        "type": "LineString",
        "coordinates": [
          [
            -119.1984943592772,
            40.78102042389589
          ],
          [
            -119.19872845676473,
            40.780921649637214
          ],
          [
            -119.19896481790387,
            40.78082842251066
          ],
          [
            -119.19920331126706,
            40.78074079435476
          ],
          [
            -119.19944380424107,
            40.780658813894796
          ],
          [
            -119.19968616310082,
            40.78058252671563
          ],
          [
            -119.1999302530837,
            40.78051197523642
          ],
          [
            -119.20017593846455,
            40.78044719868703
          ],
          [
            -119.20042308263105,
            40.780388233086164
          ],
          [
            -119.20067154815973,
            40.780335111221405
          ]
        ]
      }
    },
    {
      "type": "Feature",
      "properties": {
        "name": "3:30",
        "kind": "avenue",
        "street_status": "autofilled"
      },
      "geometry": {
        "type": "LineString",
        "coordinates": [
          [
            -119.1984943592772,
            40.78102042389589
          ],
          [
            -119.1977092287408,
            40.779986323198386
          ]
        ]
      }
    },
    {
      "type": "Feature",
      "properties": {
        "name": "6:45",
        "kind": "path",
        "street_status": "autofilled"
      },
      "geometry": {
        "type": "LineString",
        "coordinates": [
          [
            -119.22157185060884,
            40.7811177321076
          ],
          [
            -119.22220563984658,
            40.78091809192194
          ]
        ]
      }
    },
    {
      "type": "Feature",
      "properties": {
        "name": "J",
        "kind": "annular",
        "street_status": "autofilled"
      },
      "geometry": {
        "type": "LineString",
        "coordinates": [
          [
            -119.22040908435736,
            40.779325853483456
          ],
          [
            -119.22059152929853,
            40.77957081420895
          ],
          [
            -119.22076866155105,
            40.779819643742655
          ],
          [
            -119.22094039911349,
            40.780072226891726
          ],
          [
            -119.22110666248187,
            40.780328446725605
          ],
          [
            -119.22126737468646,
            40.78058818463021
          ],
          [
            -119.22142246132732,
            40.78085132036279
          ],
          [
            -119.22157185060884,
            40.7811177321076
          ]
        ]
      }
    },
    {
      "type": "Feature",
      "properties": {
        "name": "Rods Road",
        "kind": "center_camp",
        "street_status": "autofilled"
      },
      "geometry": {
        "type": "LineString",
        "coordinates": [
          [
            -119.20786094643262,
            40.7811778274134
          ],
          [
            -119.20786078813656,
            40.78111207619264
          ],
          [
            -119.20786329499647,
            40.78104635248132
          ],
          [
            -119.20786846462391,
            40.780980718691666
          ],
          [
            -119.20787629210184,
            40.78091523715041
          ],
          [
            -119.2078867699895,
            40.78084997003947
          ],
          [
            -119.20789988832918,
            40.78078497933694
          ],
          [
            -119.20791563465592,
            40.780720326758335
          ],
          [
            -119.2079339940094,
            40.78065607369785
          ],
          [
            -119.20795494894807,
            40.780592281170115
          ],
          [
            -119.20797847956578,
            40.780529009752314
          ],
          [
            -119.20800456351067,
            40.78046631952657
          ],
          [
            -119.20803317600662,
            40.78040427002297
          ],
          [
            -119.20806428987643,
            40.78034292016302
          ],
          [
            -119.20809787556796,
            40.780282328203626
          ],
          [
            -119.20813390118214,
            40.78022255168199
          ],
          [
            -119.20817233250322,
            40.78016364736066
          ]
        ]
      }
    },
    {
      "type": "Feature",
      "properties": {
        "name": "ESP",
        "kind": "annular",
        "street_status": "autofilled"
      },
      "geometry": {
        "type": "LineString",
        "coordinates": [
          [
            -119.20752114594329,
            40.78102099540016
          ],
          [
            -119.20769178672718,
            40.78109780704464
          ],
          [
            -119.20786094643262,
            40.7811778274134
          ]
        ]
      }
    },
    {
      "type": "Feature",
      "properties": {
        "name": "6:00",
        "kind": "avenue",
        "street_status": "autofilled"
      },
      "geometry": {
        "type": "LineString",
        "coordinates": [
          [
            -119.21121616134529,
            40.78072380623034
          ],
          [
            -119.21050127606517,
            40.7812672545637
          ]
        ]
      }
    },
    {
      "type": "Feature",
      "properties": {
        "name": "A",
        "kind": "annular",
        "street_status": "autofilled"
      },
      "geometry": {
        "type": "LineString",
        "coordinates": [
          [
            -119.2091784843159,
            40.780414288958596
          ],
          [
            -119.20940768043472,
            40.780542397363284
          ],
          [
            -119.20963357348442,
            40.780676243812366
          ],
          [
            -119.20985601984827,
            40.78081574320985
          ],
          [
            -119.21007487810088,
            40.78096080686578
          ],
          [
            -119.21029000909802,
            40.78111134255258
          ],
          [
            -119.21050127606517,
            40.7812672545637
          ]
        ]
      }
    },
    {
      "type": "Feature",
      "properties": {
        "name": "A",
        "kind": "annular",
        "street_status": "autofilled"
      },
      "geometry": {
        "type": "LineString",
        "coordinates": [
          [
            -119.19551417480687,
            40.78126630569981
          ],
          [
            -119.19571934748853,
            40.78111541464785
          ],
          [
            -119.19592802357775,
            40.780969407174126
          ],
          [
            -119.19614008685086,
            40.78082836459858
          ],
          [
            -119.19635541919767,
            40.78069236547588
          ],
          [
            -119.1965739006873,
            40.78056148555174
          ],
          [
            -119.19679540963483,
            40.78043579772068
          ],
          [
            -119.19701982266932,
            40.78031537198546
          ],
          [
            -119.19724701480223,
            40.78020027541805
          ],
          [
            -119.19747685949729,
            40.78009057212235
          ],
          [
            -119.1977092287408,
            40.779986323198386
          ]
        ]
      }
    },
    {
      "type": "Feature",
      "properties": {
        "name": "3:00",
        "kind": "avenue",
        "street_status": "autofilled"
      },
      "geometry": {
        "type": "LineString",
        "coordinates": [
          [
            -119.19551417480687,
            40.78126630569981
          ],
          [
            -119.19479941311833,
            40.78072276955437
          ]
        ]
      }
    },
    {
      "type": "Feature",
      "properties": {
        "name": "I",
        "kind": "annular",
        "street_status": "autofilled"
      },
      "geometry": {
        "type": "LineString",
        "coordinates": [
          [
            -119.18504401198507,
            40.78130458198791
          ],
          [
            -119.18518862522926,
            40.781046805112084
          ],
          [
            -119.18533875091367,
            40.780792198992444
          ],
          [
            -119.18549431953807,
            40.78054088149823
          ],
          [
            -119.18565525908231,
            40.78029296897624
          ],
          [
            -119.18582149503987,
            40.78004857619693
          ],
          [
            -119.18599295045226,
            40.779807816301314
          ],
          [
            -119.1861695459446,
            40.77957080074855
          ]
        ]
      }
    },
    {
      "type": "Feature",
      "properties": {
        "name": "2:15",
        "kind": "path",
        "street_status": "autofilled"
      },
      "geometry": {
        "type": "LineString",
        "coordinates": [
          [
            -119.18504401198507,
            40.78130458198791
          ],
          [
            -119.18380988830522,
            40.780915661008656
          ]
        ]
      }
    },
    {
      "type": "Feature",
      "properties": {
        "name": "6:45",
        "kind": "path",
        "street_status": "autofilled"
      },
      "geometry": {
        "type": "LineString",
        "coordinates": [
          [
            -119.22097142673168,
            40.781306857526815
          ],
          [
            -119.22157185060884,
            40.7811177321076
          ]
        ]
      }
    },
    {
      "type": "Feature",
      "properties": {
        "name": "I",
        "kind": "annular",
        "street_status": "autofilled"
      },
      "geometry": {
        "type": "LineString",
        "coordinates": [
          [
            -119.21984627927239,
            40.77957293289135
          ],
          [
            -119.2200228219244,
            40.779809970955796
          ],
          [
            -119.22019422366323,
            40.78005075270412
          ],
          [
            -119.22036040513878,
            40.78029516666693
          ],
          [
            -119.2205212894177,
            40.7805430996933
          ],
          [
            -119.22067680201896,
            40.78079443700314
          ],
          [
            -119.22082687094831,
            40.781049062240385
          ],
          [
            -119.22097142673168,
            40.781306857526815
          ]
        ]
      }
    },
    {
      "type": "Feature",
      "properties": {
        "name": "C",
        "kind": "annular",
        "street_status": "autofilled"
      },
      "geometry": {
        "type": "LineString",
        "coordinates": [
          [
            -119.21193103023664,
            40.78018035702058
          ],
          [
            -119.21213334817296,
            40.780337349461796
          ],
          [
            -119.21233191579466,
            40.78049905920396
          ],
          [
            -119.21252662314501,
            40.78066539670033
          ],
          [
            -119.21271736240479,
            40.780836269841544
          ],
          [
            -119.21290402795219,
            40.781011584006606
          ],
          [
            -119.21308651642116,
            40.781191242115334
          ],
          [
            -119.21326472675875,
            40.78137514468207
          ]
        ]
      }
    },
    {
      "type": "Feature",
      "properties": {
        "name": "6:30",
        "kind": "avenue",
        "street_status": "autofilled"
      },
      "geometry": {
        "type": "LineString",
        "coordinates": [
          [
            -119.2157032788419,
            40.781391627096596
          ],
          [
            -119.21721980197488,
            40.780725932806135
          ]
        ]
      }
    },
    {
      "type": "Feature",
      "properties": {
        "name": "E",
        "kind": "annular",
        "street_status": "autofilled"
      },
      "geometry": {
        "type": "LineString",
        "coordinates": [
          [
            -119.21337349888876,
            40.779083739888584
          ],
          [
            -119.21354171529747,
            40.77921371918071
          ],
          [
            -119.21370711231356,
            40.779345773145614
          ],
          [
            -119.21386964565461,
            40.779479866441285
          ],
          [
            -119.21402927180398,
            40.77961596317981
          ],
          [
            -119.21418594802218,
            40.77975402693675
          ],
          [
            -119.21433963235847,
            40.779894020761056
          ],
          [
            -119.21449028366213,
            40.780035907184946
          ],
          [
            -119.21463786159335,
            40.78017964823375
          ],
          [
            -119.21478232663418,
            40.78032520543627
          ],
          [
            -119.21492364009899,
            40.78047253983494
          ],
          [
            -119.21506176414492,
            40.78062161199625
          ],
          [
            -119.21519666178193,
            40.78077238202143
          ],
          [
            -119.21532829688297,
            40.780924809556886
          ],
          [
            -119.21545663419327,
            40.78107885380519
          ],
          [
            -119.2155816393401,
            40.781234473535896
          ],
          [
            -119.2157032788419,
            40.781391627096596
          ]
        ]
      }
    },
    {
      "type": "Feature",
      "properties": {
        "name": "E",
        "kind": "annular",
        "street_status": "autofilled"
      },
      "geometry": {
        "type": "LineString",
        "coordinates": [
          [
            -119.19031214581727,
            40.78139002043292
          ],
          [
            -119.1904338201908,
            40.78123288237428
          ],
          [
            -119.19055885986869,
            40.78107727857391
          ],
          [
            -119.1906872313601,
            40.780923250679976
          ],
          [
            -119.19081890028313,
            40.780770839918546
          ],
          [
            -119.19095383137403,
            40.780620087082546
          ],
          [
            -119.19109198849665,
            40.780471032520936
          ],
          [
            -119.19123333465221,
            40.78032371612787
          ],
          [
            -119.19137783198906,
            40.780178177332004
          ],
          [
            -119.19152544181293,
            40.78003445508594
          ],
          [
            -119.19167612459734,
            40.77989258785592
          ],
          [
            -119.19182983999401,
            40.779752613611365
          ],
          [
            -119.19198654684392,
            40.77961456981494
          ],
          [
            -119.19214620318809,
            40.77947849341231
          ],
          [
            -119.19230876627907,
            40.77934442082242
          ],
          [
            -119.1924741925921,
            40.77921238792776
          ],
          [
            -119.19264243783698,
            40.7790824300646
          ]
        ]
      }
    },
    {
      "type": "Feature",
      "properties": {
        "name": "2:30",
        "kind": "avenue",
        "street_status": "autofilled"
      },
      "geometry": {
        "type": "LineString",
        "coordinates": [
          [
            -119.19031214581727,
            40.78139002043292
          ],
          [
            -119.18879576854913,
            40.78072413322262
          ]
        ]
      }
    },
    {
      "type": "Feature",
      "properties": {
        "name": "6:45",
        "kind": "path",
        "street_status": "autofilled"
      },
      "geometry": {
        "type": "LineString",
        "coordinates": [
          [
            -119.22003742397229,
            40.781601048104456
          ],
          [
            -119.22097142673168,
            40.781306857526815
          ]
        ]
      }
    },
    {
      "type": "Feature",
      "properties": {
        "name": "H",
        "kind": "annular",
        "street_status": "autofilled"
      },
      "geometry": {
        "type": "LineString",
        "coordinates": [
          [
            -119.2189707981167,
            40.77995727226134
          ],
          [
            -119.21913815895353,
            40.78018198648108
          ],
          [
            -119.21930064607614,
            40.78041024973736
          ],
          [
            -119.21945818425893,
            40.78064195635258
          ],
          [
            -119.21961070056744,
            40.78087699905505
          ],
          [
            -119.2197581243922,
            40.78111526902856
          ],
          [
            -119.21990038748135,
            40.78135665596281
          ],
          [
            -119.22003742397229,
            40.781601048104456
          ]
        ]
      }
    },
    {
      "type": "Feature",
      "properties": {
        "name": "H",
        "kind": "annular",
        "street_status": "autofilled"
      },
      "geometry": {
        "type": "LineString",
        "coordinates": [
          [
            -119.18597795330886,
            40.781598891730034
          ],
          [
            -119.18611504412948,
            40.781354517056364
          ],
          [
            -119.18625736087945,
            40.78111314825752
          ],
          [
            -119.1864048376714,
            40.78087489707836
          ],
          [
            -119.18655740622899,
            40.7806398738204
          ],
          [
            -119.18671499591859,
            40.78040818729074
          ],
          [
            -119.18687753378201,
            40.780179944751715
          ],
          [
            -119.18704494457019,
            40.77995525187119
          ]
        ]
      }
    },
    {
      "type": "Feature",
      "properties": {
        "name": "2:15",
        "kind": "path",
        "street_status": "autofilled"
      },
      "geometry": {
        "type": "LineString",
        "coordinates": [
          [
            -119.18597795330886,
            40.781598891730034
          ],
          [
            -119.18504401198507,
            40.78130458198791
          ]
        ]
      }
    },
    {
      "type": "Feature",
      "properties": {
        "name": "6:30",
        "kind": "avenue",
        "street_status": "autofilled"
      },
      "geometry": {
        "type": "LineString",
        "coordinates": [
          [
            -119.21481211680884,
            40.7817827975178
          ],
          [
            -119.2157032788419,
            40.781391627096596
          ]
        ]
      }
    },
    {
      "type": "Feature",
      "properties": {
        "name": "D",
        "kind": "annular",
        "street_status": "autofilled"
      },
      "geometry": {
        "type": "LineString",
        "coordinates": [
          [
            -119.21264588392437,
            40.77963690603419
          ],
          [
            -119.21280229241475,
            40.77975776186021
          ],
          [
            -119.21295607934563,
            40.779880546727654
          ],
          [
            -119.21310720354312,
            40.78000522777447
          ],
          [
            -119.21325562454531,
            40.780131771630906
          ],
          [
            -119.21340130261319,
            40.78026014442851
          ],
          [
            -119.21354419874106,
            40.78039031180911
          ],
          [
            -119.21368427466727,
            40.78052223893399
          ],
          [
            -119.21382149288414,
            40.78065589049328
          ],
          [
            -119.21395581664832,
            40.78079123071536
          ],
          [
            -119.21408720999047,
            40.78092822337639
          ],
          [
            -119.21421563772485,
            40.78106683181009
          ],
          [
            -119.21434106545891,
            40.781207018917414
          ],
          [
            -119.21446345960234,
            40.781348747176644
          ],
          [
            -119.21458278737627,
            40.781491978653236
          ],
          [
            -119.21469901682181,
            40.781636675010084
          ],
          [
            -119.21481211680884,
            40.7817827975178
          ]
        ]
      }
    },
    {
      "type": "Feature",
      "properties": {
        "name": "D",
        "kind": "annular",
        "street_status": "autofilled"
      },
      "geometry": {
        "type": "LineString",
        "coordinates": [
          [
            -119.19120322381141,
            40.78178130459215
          ],
          [
            -119.19131635566417,
            40.781635196217465
          ],
          [
            -119.19143261666476,
            40.78149051438491
          ],
          [
            -119.19155197567451,
            40.781347297820055
          ],
          [
            -119.19167440072626,
            40.781205584856004
          ],
          [
            -119.19179985903286,
            40.78106541342314
          ],
          [
            -119.19192831699573,
            40.78092682103907
          ],
          [
            -119.19205974021428,
            40.7807898447985
          ],
          [
            -119.19219409349482,
            40.780654521363324
          ],
          [
            -119.19233134086005,
            40.780520886952885
          ],
          [
            -119.19247144555878,
            40.78038897733425
          ],
          [
            -119.19261437007569,
            40.780258827812574
          ],
          [
            -119.19276007614148,
            40.780130473221774
          ],
          [
            -119.19290852474303,
            40.78000394791518
          ],
          [
            -119.19305967613381,
            40.779879285756294
          ],
          [
            -119.19321348984477,
            40.7797565201098
          ],
          [
            -119.19336992469476,
            40.77963568383259
          ]
        ]
      }
    },
    {
      "type": "Feature",
      "properties": {
        "name": "2:30",
        "kind": "avenue",
        "street_status": "autofilled"
      },
      "geometry": {
        "type": "LineString",
        "coordinates": [
          [
            -119.19120322381141,
            40.78178130459215
          ],
          [
            -119.19031214581727,
            40.78139002043292
          ]
        ]
      }
    },
    {
      "type": "Feature",
      "properties": {
        "name": "Route 66",
        "kind": null,
        "street_status": "autofilled"
      },
      "geometry": {
        "type": "LineString",
        "coordinates": [
          [
            -119.21244404389046,
            40.78182398249559
          ],
          [
            -119.21322071663778,
            40.78139921407724
          ],
          [
            -119.21326472675875,
            40.78137514468207
          ]
        ]
      }
    },
    {
      "type": "Feature",
      "properties": {
        "name": "B",
        "kind": "annular",
        "street_status": "autofilled"
      },
      "geometry": {
        "type": "LineString",
        "coordinates": [
          [
            -119.21121616134529,
            40.78072380623034
          ],
          [
            -119.21140244002028,
            40.78086835620459
          ],
          [
            -119.21158526212186,
            40.781017253790615
          ],
          [
            -119.21176452621043,
            40.78117041637197
          ],
          [
            -119.21194013282062,
            40.78132775896578
          ],
          [
            -119.21211198451635,
            40.78148919426987
          ],
          [
            -119.21227998594506,
            40.781654632711195
          ],
          [
            -119.21244404389046,
            40.78182398249559
          ]
        ]
      }
    },
    {
      "type": "Feature",
      "properties": {
        "name": "G",
        "kind": "annular",
        "street_status": "autofilled"
      },
      "geometry": {
        "type": "LineString",
        "coordinates": [
          [
            -119.18691190050868,
            40.781893192999476
          ],
          [
            -119.18704146939288,
            40.78166222078059
          ],
          [
            -119.18717597767741,
            40.78143408955817
          ],
          [
            -119.18731536308785,
            40.781208904952
          ],
          [
            -119.1874595610918,
            40.7809867712177
          ],
          [
            -119.18760850492869,
            40.78076779119834
          ],
          [
            -119.18776212564076,
            40.780552066276954
          ],
          [
            -119.18792035210495,
            40.78033969632947
          ]
        ]
      }
    },
    {
      "type": "Feature",
      "properties": {
        "name": "2:15",
        "kind": "path",
        "street_status": "autofilled"
      },
      "geometry": {
        "type": "LineString",
        "coordinates": [
          [
            -119.18691190050868,
            40.781893192999476
          ],
          [
            -119.18597795330886,
            40.781598891730034
          ]
        ]
      }
    },
    {
      "type": "Feature",
      "properties": {
        "name": "6:45",
        "kind": "path",
        "street_status": "autofilled"
      },
      "geometry": {
        "type": "LineString",
        "coordinates": [
          [
            -119.21910340941588,
            40.78189523201024
          ],
          [
            -119.22003742397229,
            40.781601048104456
          ]
        ]
      }
    },
    {
      "type": "Feature",
      "properties": {
        "name": "G",
        "kind": "annular",
        "street_status": "autofilled"
      },
      "geometry": {
        "type": "LineString",
        "coordinates": [
          [
            -119.2180952973924,
            40.78034160946917
          ],
          [
            -119.21825347742413,
            40.7805539991692
          ],
          [
            -119.21840705097388,
            40.78076974326677
          ],
          [
            -119.21855594694061,
            40.78098874187726
          ],
          [
            -119.2187000963889,
            40.781210893609305
          ],
          [
            -119.2188394325808,
            40.78143609561174
          ],
          [
            -119.21897389100685,
            40.78166424362116
          ],
          [
            -119.21910340941588,
            40.78189523201024
          ]
        ]
      }
    },
    {
      "type": "Feature",
      "properties": {
        "name": "6:00",
        "kind": "avenue",
        "street_status": "autofilled"
      },
      "geometry": {
        "type": "LineString",
        "coordinates": [
          [
            -119.21050127606517,
            40.7812672545637
          ],
          [
            -119.2094137929952,
            40.782093922278634
          ]
        ]
      }
    },
    {
      "type": "Feature",
      "properties": {
        "name": "Route 66",
        "kind": null,
        "street_status": "autofilled"
      },
      "geometry": {
        "type": "LineString",
        "coordinates": [
          [
            -119.2091784843159,
            40.780414288958596
          ],
          [
            -119.20913911829112,
            40.78046288403598
          ],
          [
            -119.2091025008516,
            40.780512705436884
          ],
          [
            -119.20906869799401,
            40.78056366337526
          ],
          [
            -119.20903777064309,
            40.7806156660166
          ],
          [
            -119.20900977454193,
            40.780668619643464
          ],
          [
            -119.20898476015122,
            40.780722428824305
          ],
          [
            -119.20896277255864,
            40.780776996585566
          ],
          [
            -119.20894385139718,
            40.78083222458629
          ],
          [
            -119.208928030774,
            40.78088801329552
          ],
          [
            -119.20891533920857,
            40.780944262171374
          ],
          [
            -119.20890579958152,
            40.78100086984256
          ],
          [
            -119.20889942909321,
            40.78105773429085
          ],
          [
            -119.20889623923262,
            40.781114753034984
          ],
          [
            -119.20889623575673,
            40.78117182331543
          ],
          [
            -119.20889941867996,
            40.78122884227944
          ],
          [
            -119.20890578227417,
            40.78128570716653
          ],
          [
            -119.20891531507885,
            40.78134231549365
          ],
          [
            -119.20892799992183,
            40.78139856523984
          ],
          [
            -119.20894381394999,
            40.78145435503013
          ],
          [
            -119.20896272867064,
            40.78150958431827
          ],
          [
            -119.20898471000248,
            40.781564153567906
          ],
          [
            -119.2090097183374,
            40.781617964432
          ],
          [
            -119.20903770861132,
            40.78167091993003
          ],
          [
            -119.20906863038584,
            40.781722924622905
          ],
          [
            -119.20910242793879,
            40.78177388478486
          ],
          [
            -119.20913904036462,
            40.78182370857243
          ],
          [
            -119.20917840168437,
            40.78187230619
          ],
          [
            -119.20922044096426,
            40.78191959005164
          ],
          [
            -119.20926508244365,
            40.781965474939014
          ],
          [
            -119.20931224567157,
            40.78200987815489
          ],
          [
            -119.20936184565161,
            40.78205271967226
          ],
          [
            -119.2094137929952,
            40.782093922278634
          ]
        ]
      }
    },
    {
      "type": "Feature",
      "properties": {
        "name": "ESP",
        "kind": "annular",
        "street_status": "autofilled"
      },
      "geometry": {
        "type": "LineString",
        "coordinates": [
          [
            -119.19662463011434,
            40.78211071817607
          ],
          [
            -119.19681899836785,
            40.78196816290239
          ],
          [
            -119.19701703739173,
            40.781830752850745
          ],
          [
            -119.1972186110103,
            40.7816985825071
          ],
          [
            -119.19742358061748,
            40.78157174275446
          ],
          [
            -119.19763180527197,
            40.78145032081043
          ],
          [
            -119.19784314179427,
            40.78133440016718
          ],
          [
            -119.1980574448651,
            40.78122406053413
          ],
          [
            -119.19827456712531,
            40.781119377783035
          ],
          [
            -119.1984943592772,
            40.78102042389589
          ]
        ]
      }
    },
    {
      "type": "Feature",
      "properties": {
        "name": "3:00",
        "kind": "avenue",
        "street_status": "autofilled"
      },
      "geometry": {
        "type": "LineString",
        "coordinates": [
          [
            -119.19662463011434,
            40.78211071817607
          ],
          [
            -119.19551417480687,
            40.78126630569981
          ]
        ]
      }
    },
    {
      "type": "Feature",
      "properties": {
        "name": "6:30",
        "kind": "avenue",
        "street_status": "autofilled"
      },
      "geometry": {
        "type": "LineString",
        "coordinates": [
          [
            -119.21393657406881,
            40.78216710035924
          ],
          [
            -119.21481211680884,
            40.7817827975178
          ]
        ]
      }
    },
    {
      "type": "Feature",
      "properties": {
        "name": "C",
        "kind": "annular",
        "street_status": "autofilled"
      },
      "geometry": {
        "type": "LineString",
        "coordinates": [
          [
            -119.21326472675875,
            40.78137514468207
          ],
          [
            -119.21344053208719,
            40.78156635900986
          ],
          [
            -119.21361118831862,
            40.78176218266008
          ],
          [
            -119.21377657466518,
            40.78196247703167
          ],
          [
            -119.21393657406881,
            40.78216710035924
          ]
        ]
      }
    },
    {
      "type": "Feature",
      "properties": {
        "name": "C",
        "kind": "annular",
        "street_status": "autofilled"
      },
      "geometry": {
        "type": "LineString",
        "coordinates": [
          [
            -119.19207867810711,
            40.782165716491406
          ],
          [
            -119.19218341783683,
            40.78203044463733
          ],
          [
            -119.19229105468465,
            40.78189649350522
          ],
          [
            -119.19240155982267,
            40.78176389894916
          ],
          [
            -119.19251490365585,
            40.781632696459745
          ],
          [
            -119.19263105582974,
            40.78150292115489
          ],
          [
            -119.19274998523885,
            40.781374607770275
          ],
          [
            -119.19287166003483,
            40.78124779065004
          ],
          [
            -119.1929960476351,
            40.78112250373775
          ],
          [
            -119.1931231147316,
            40.78099878056708
          ],
          [
            -119.19325282729953,
            40.780876654253085
          ],
          [
            -119.19338515060672,
            40.78075615748317
          ],
          [
            -119.19352004922261,
            40.780637322508476
          ],
          [
            -119.19365748702822,
            40.78052018113512
          ],
          [
            -119.19379742722525,
            40.78040476471577
          ],
          [
            -119.19393983234653,
            40.78029110414135
          ],
          [
            -119.19408466426543,
            40.780179229832555
          ]
        ]
      }
    },
    {
      "type": "Feature",
      "properties": {
        "name": "2:30",
        "kind": "avenue",
        "street_status": "autofilled"
      },
      "geometry": {
        "type": "LineString",
        "coordinates": [
          [
            -119.19207867810711,
            40.782165716491406
          ],
          [
            -119.19120322381141,
            40.78178130459215
          ]
        ]
      }
    },
    {
      "type": "Feature",
      "properties": {
        "name": "6:45",
        "kind": "path",
        "street_status": "autofilled"
      },
      "geometry": {
        "type": "LineString",
        "coordinates": [
          [
            -119.2181693972778,
            40.78218940564084
          ],
          [
            -119.21910340941588,
            40.78189523201024
          ]
        ]
      }
    },
    {
      "type": "Feature",
      "properties": {
        "name": "F",
        "kind": "annular",
        "street_status": "autofilled"
      },
      "geometry": {
        "type": "LineString",
        "coordinates": [
          [
            -119.21721980197488,
            40.780725932806135
          ],
          [
            -119.21736880082983,
            40.78092599852104
          ],
          [
            -119.21751346042122,
            40.781129223988096
          ],
          [
            -119.21765371377265,
            40.781335515115295
          ],
          [
            -119.2177894959478,
            40.78154477639129
          ],
          [
            -119.21792074408046,
            40.78175691092957
          ],
          [
            -119.21804739740367,
            40.7819718205133
          ],
          [
            -119.2181693972778,
            40.78218940564084
          ]
        ]
      }
    },
    {
      "type": "Feature",
      "properties": {
        "name": "F",
        "kind": "annular",
        "street_status": "autofilled"
      },
      "geometry": {
        "type": "LineString",
        "coordinates": [
          [
            -119.18784585003029,
            40.782187485795404
          ],
          [
            -119.18796789795839,
            40.78196991611931
          ],
          [
            -119.18809459874497,
            40.781755022576064
          ],
          [
            -119.18822589372844,
            40.781542904659936
          ],
          [
            -119.18836172212013,
            40.781333660580074
          ],
          [
            -119.18850202103239,
            40.78112738721506
          ],
          [
            -119.18864672550778,
            40.78092418006806
          ],
          [
            -119.18879576854913,
            40.78072413322262
          ]
        ]
      }
    },
    {
      "type": "Feature",
      "properties": {
        "name": "2:15",
        "kind": "path",
        "street_status": "autofilled"
      },
      "geometry": {
        "type": "LineString",
        "coordinates": [
          [
            -119.18784585003029,
            40.782187485795404
          ],
          [
            -119.18691190050868,
            40.781893192999476
          ]
        ]
      }
    },
    {
      "type": "Feature",
      "properties": {
        "name": "Route 66",
        "kind": null,
        "street_status": "autofilled"
      },
      "geometry": {
        "type": "LineString",
        "coordinates": [
          [
            -119.21162334997449,
            40.78227281533955
          ],
          [
            -119.21244404389046,
            40.78182398249559
          ]
        ]
      }
    },
    {
      "type": "Feature",
      "properties": {
        "name": "A",
        "kind": "annular",
        "street_status": "autofilled"
      },
      "geometry": {
        "type": "LineString",
        "coordinates": [
          [
            -119.21050127606517,
            40.7812672545637
          ],
          [
            -119.21069958456971,
            40.78142176803509
          ],
          [
            -119.21089356696083,
            40.78158167886026
          ],
          [
            -119.2110830763958,
            40.781746865988296
          ],
          [
            -119.21126796941776,
            40.78191720437416
          ],
          [
            -119.21144810606455,
            40.782092565073356
          ],
          [
            -119.21162334997449,
            40.78227281533955
          ]
        ]
      }
    },
    {
      "type": "Feature",
      "properties": {
        "name": "Route 66",
        "kind": null,
        "street_status": "autofilled"
      },
      "geometry": {
        "type": "LineString",
        "coordinates": [
          [
            -119.2094137929952,
            40.782093922278634
          ],
          [
            -119.20946799390299,
            40.78213341190948
          ],
          [
            -119.20952435088475,
            40.78217111720356
          ],
          [
            -119.2095827623721,
            40.78220697020481
          ],
          [
            -119.20964312309329,
            40.782240906295435
          ],
          [
            -119.20970532426306,
            40.78227286431244
          ],
          [
            -119.20976925377852,
            40.78230278665779
          ],
          [
            -119.20983479642138,
            40.78233061940225
          ],
          [
            -119.20990183406543,
            40.78235631238271
          ],
          [
            -119.20997024588972,
            40.78237981929241
          ],
          [
            -119.21003990859609,
            40.782401097764605
          ],
          [
            -119.21011069663156,
            40.78242010944881
          ],
          [
            -119.21018248241455,
            40.782436820079944
          ],
          [
            -119.21025513656504,
            40.782451199540205
          ],
          [
            -119.21032852813754,
            40.78246322191319
          ],
          [
            -119.21040252485727,
            40.78247286553077
          ],
          [
            -119.2104769933587,
            40.78248011301209
          ],
          [
            -119.21055179942576,
            40.78248495129484
          ],
          [
            -119.21062680823376,
            40.782487371658874
          ],
          [
            -119.21070188459274,
            40.78248736974192
          ],
          [
            -119.21077689319087,
            40.782484945547445
          ],
          [
            -119.2108516988385,
            40.782480103444655
          ],
          [
            -119.21092616671174,
            40.78247285216052
          ],
          [
            -119.21100016259571,
            40.7824632047642
          ],
          [
            -119.2110735531263,
            40.782451178643406
          ],
          [
            -119.21114620603063,
            40.782436795473004
          ],
          [
            -119.21121799036548,
            40.78242008117609
          ],
          [
            -119.21128877675342,
            40.78240106587709
          ],
          [
            -119.21135843761587,
            40.782379783847574
          ],
          [
            -119.21142684740313,
            40.78235627344442
          ],
          [
            -119.21149388282079,
            40.782330577040725
          ],
          [
            -119.21155942305184,
            40.78230274094938
          ],
          [
            -119.21162334997449,
            40.78227281533955
          ]
        ]
      }
    },
    {
      "type": "Feature",
      "properties": {
        "name": "6:30",
        "kind": "avenue",
        "street_status": "autofilled"
      },
      "geometry": {
        "type": "LineString",
        "coordinates": [
          [
            -119.21306102123644,
            40.78255139653371
          ],
          [
            -119.21393657406881,
            40.78216710035924
          ]
        ]
      }
    },
    {
      "type": "Feature",
      "properties": {
        "name": "B",
        "kind": "annular",
        "street_status": "autofilled"
      },
      "geometry": {
        "type": "LineString",
        "coordinates": [
          [
            -119.21244404389046,
            40.78182398249559
          ],
          [
            -119.21260548178832,
            40.78199962411881
          ],
          [
            -119.21276219713563,
            40.782179492099154
          ],
          [
            -119.2129140793442,
            40.78236345951044
          ],
          [
            -119.21306102123644,
            40.78255139653371
          ]
        ]
      }
    },
    {
      "type": "Feature",
      "properties": {
        "name": "B",
        "kind": "annular",
        "street_status": "autofilled"
      },
      "geometry": {
        "type": "LineString",
        "coordinates": [
          [
            -119.19295414723463,
            40.782550123526775
          ],
          [
            -119.19305049455015,
            40.78242568813702
          ],
          [
            -119.19314950694672,
            40.78230246764529
          ],
          [
            -119.19325115790708,
            40.7821804950339
          ],
          [
            -119.19335542020825,
            40.78205980295105
          ],
          [
            -119.19346226592862,
            40.78194042370202
          ],
          [
            -119.1935716664556,
            40.7818223892404
          ],
          [
            -119.1936835924932,
            40.78170573115984
          ],
          [
            -119.19379801406993,
            40.781590480685225
          ],
          [
            -119.19391490054686,
            40.781476668664695
          ],
          [
            -119.19403422062572,
            40.7813643255611
          ],
          [
            -119.19415594235743,
            40.78125348144402
          ],
          [
            -119.19428003315042,
            40.78114416598166
          ],
          [
            -119.1944064597797,
            40.7810364084329
          ],
          [
            -119.19453518839545,
            40.78093023763954
          ],
          [
            -119.19466618453227,
            40.78082568201853
          ],
          [
            -119.19479941311833,
            40.78072276955437
          ]
        ]
      }
    },
    {
      "type": "Feature",
      "properties": {
        "name": "2:30",
        "kind": "avenue",
        "street_status": "autofilled"
      },
      "geometry": {
        "type": "LineString",
        "coordinates": [
          [
            -119.19295414723463,
            40.782550123526775
          ],
          [
            -119.19207867810711,
            40.782165716491406
          ]
        ]
      }
    },
    {
      "type": "Feature",
      "properties": {
        "name": "6:00",
        "kind": "avenue",
        "street_status": "autofilled"
      },
      "geometry": {
        "type": "LineString",
        "coordinates": [
          [
            -119.2094137929952,
            40.782093922278634
          ],
          [
            -119.20868258795487,
            40.78264974217973
          ]
        ]
      }
    },
    {
      "type": "Feature",
      "properties": {
        "name": "Rods Road",
        "kind": "center_camp",
        "street_status": "autofilled"
      },
      "geometry": {
        "type": "LineString",
        "coordinates": [
          [
            -119.20868258795487,
            40.78264974217973
          ],
          [
            -119.20858962849896,
            40.782575598376525
          ],
          [
            -119.2085014571207,
            40.78249814877088
          ],
          [
            -119.20841827699267,
            40.782417571843986
          ],
          [
            -119.2083402797829,
            40.782334053283286
          ],
          [
            -119.20826764521367,
            40.78224778555442
          ],
          [
            -119.20820054064716,
            40.78215896745765
          ],
          [
            -119.20813912070007,
            40.78206780366963
          ],
          [
            -119.20808352688735,
            40.78197450427176
          ],
          [
            -119.20803388729641,
            40.78187928426583
          ],
          [
            -119.20799031629197,
            40.78178236307871
          ],
          [
            -119.2079529142529,
            40.78168396405656
          ],
          [
            -119.20792176734096,
            40.78158431395002
          ],
          [
            -119.20789694730263,
            40.78148364239178
          ],
          [
            -119.20787851130396,
            40.78138218136726
          ],
          [
            -119.20786650179903,
            40.78128016468013
          ],
          [
            -119.20786094643262,
            40.7811778274134
          ]
        ]
      }
    },
    {
      "type": "Feature",
      "properties": {
        "name": "K",
        "kind": "annular",
        "street_status": "autofilled"
      },
      "geometry": {
        "type": "LineString",
        "coordinates": [
          [
            -119.22220563984658,
            40.78091809192194
          ],
          [
            -119.22234952256666,
            40.78118865860098
          ],
          [
            -119.22248718161462,
            40.78146244440872
          ],
          [
            -119.22261854502574,
            40.78173930621672
          ],
          [
            -119.22274354412649,
            40.78201909928849
          ],
          [
            -119.2228621135704,
            40.78230167735513
          ],
          [
            -119.22297419137232,
            40.78258689269182
          ],
          [
            -119.22307971894074,
            40.78287459619505
          ]
        ]
      }
    },
    {
      "type": "Feature",
      "properties": {
        "name": "K",
        "kind": "annular",
        "street_status": "autofilled"
      },
      "geometry": {
        "type": "LineString",
        "coordinates": [
          [
            -119.182935377101,
            40.78287205457524
          ],
          [
            -119.18304096821059,
            40.7825843644399
          ],
          [
            -119.18315310900434,
            40.782299163299896
          ],
          [
            -119.1832717408578,
            40.782016600251374
          ],
          [
            -119.18339680175315,
            40.78173682301132
          ],
          [
            -119.18352822631167,
            40.78145997784038
          ],
          [
            -119.18366594582781,
            40.78118620946636
          ],
          [
            -119.18380988830522,
            40.780915661008656
          ]
        ]
      }
    },
    {
      "type": "Feature",
      "properties": {
        "name": "6:30",
        "kind": "avenue",
        "street_status": "autofilled"
      },
      "geometry": {
        "type": "LineString",
        "coordinates": [
          [
            -119.21218546305022,
            40.782935682438776
          ],
          [
            -119.21306102123644,
            40.78255139653371
          ]
        ]
      }
    },
    {
      "type": "Feature",
      "properties": {
        "name": "A",
        "kind": "annular",
        "street_status": "autofilled"
      },
      "geometry": {
        "type": "LineString",
        "coordinates": [
          [
            -119.21162334997449,
            40.78227281533955
          ],
          [
            -119.21177042178604,
            40.782432882895094
          ],
          [
            -119.21191319764691,
            40.782596793867064
          ],
          [
            -119.21205157716771,
            40.78276443300544
          ],
          [
            -119.21218546305022,
            40.782935682438776
          ]
        ]
      }
    },
    {
      "type": "Feature",
      "properties": {
        "name": "A",
        "kind": "annular",
        "street_status": "autofilled"
      },
      "geometry": {
        "type": "LineString",
        "coordinates": [
          [
            -119.19382962171782,
            40.78293452209439
          ],
          [
            -119.19391757719742,
            40.782820923426634
          ],
          [
            -119.19400796570739,
            40.78270843384009
          ],
          [
            -119.19410076304098,
            40.78259708344537
          ],
          [
            -119.19419594434682,
            40.782486902047935
          ],
          [
            -119.1942934841359,
            40.78237791914024
          ],
          [
            -119.19439335628823,
            40.782270163893756
          ],
          [
            -119.19449553406002,
            40.782163665151266
          ],
          [
            -119.19459999009065,
            40.78205845141905
          ],
          [
            -119.19470669641005,
            40.78195455085928
          ],
          [
            -119.19481562444629,
            40.78185199128256
          ],
          [
            -119.19492674503314,
            40.78175080014041
          ],
          [
            -119.19504002841788,
            40.7816510045179
          ],
          [
            -119.1951554442694,
            40.781552631126544
          ],
          [
            -119.19527296168611,
            40.78145570629696
          ],
          [
            -119.19539254920436,
            40.78136025597204
          ],
          [
            -119.19551417480687,
            40.78126630569981
          ]
        ]
      }
    },
    {
      "type": "Feature",
      "properties": {
        "name": "2:30",
        "kind": "avenue",
        "street_status": "autofilled"
      },
      "geometry": {
        "type": "LineString",
        "coordinates": [
          [
            -119.19382962171782,
            40.78293452209439
          ],
          [
            -119.19295414723463,
            40.782550123526775
          ]
        ]
      }
    },
    {
      "type": "Feature",
      "properties": {
        "name": "7:00",
        "kind": "avenue",
        "street_status": "autofilled"
      },
      "geometry": {
        "type": "LineString",
        "coordinates": [
          [
            -119.22241705455109,
            40.78300964694981
          ],
          [
            -119.22307971894074,
            40.78287459619505
          ]
        ]
      }
    },
    {
      "type": "Feature",
      "properties": {
        "name": "J",
        "kind": "annular",
        "street_status": "autofilled"
      },
      "geometry": {
        "type": "LineString",
        "coordinates": [
          [
            -119.22157185060884,
            40.7811177321076
          ],
          [
            -119.2217109807773,
            40.78137936676073
          ],
          [
            -119.22184409267278,
            40.7816441142409
          ],
          [
            -119.22197111670626,
            40.78191183614195
          ],
          [
            -119.22209198647147,
            40.782182392502776
          ],
          [
            -119.22220663877943,
            40.78245564188043
          ],
          [
            -119.22231501369158,
            40.782731441424104
          ],
          [
            -119.22241705455109,
            40.78300964694981
          ]
        ]
      }
    },
    {
      "type": "Feature",
      "properties": {
        "name": "Rods Road",
        "kind": "center_camp",
        "street_status": "autofilled"
      },
      "geometry": {
        "type": "LineString",
        "coordinates": [
          [
            -119.21218546305022,
            40.782935682438776
          ],
          [
            -119.21207030706879,
            40.78298904103003
          ],
          [
            -119.21195307827284,
            40.78303767647922
          ]
        ]
      }
    },
    {
      "type": "Feature",
      "properties": {
        "name": "6:30",
        "kind": "avenue",
        "street_status": "autofilled"
      },
      "geometry": {
        "type": "LineString",
        "coordinates": [
          [
            -119.21195307827284,
            40.78303767647922
          ],
          [
            -119.21218546305022,
            40.782935682438776
          ]
        ]
      }
    },
    {
      "type": "Feature",
      "properties": {
        "name": "I",
        "kind": "annular",
        "street_status": "autofilled"
      },
      "geometry": {
        "type": "LineString",
        "coordinates": [
          [
            -119.1842257529196,
            40.78313520348227
          ],
          [
            -119.18432455094596,
            40.78286600846614
          ],
          [
            -119.18442947770092,
            40.78259914236592
          ],
          [
            -119.18454047832931,
            40.782334744697714
          ],
          [
            -119.18465749480066,
            40.78207295368715
          ],
          [
            -119.18478046593941,
            40.781813906197115
          ],
          [
            -119.1849093274569,
            40.78155773765621
          ],
          [
            -119.18504401198507,
            40.78130458198791
          ]
        ]
      }
    },
    {
      "type": "Feature",
      "properties": {
        "name": "2:00",
        "kind": "avenue",
        "street_status": "autofilled"
      },
      "geometry": {
        "type": "LineString",
        "coordinates": [
          [
            -119.1842257529196,
            40.78313520348227
          ],
          [
            -119.182935377101,
            40.78287205457524
          ]
        ]
      }
    },
    {
      "type": "Feature",
      "properties": {
        "name": "7:00",
        "kind": "avenue",
        "street_status": "autofilled"
      },
      "geometry": {
        "type": "LineString",
        "coordinates": [
          [
            -119.22178927909725,
            40.78313758350737
          ],
          [
            -119.22241705455109,
            40.78300964694981
          ]
        ]
      }
    },
    {
      "type": "Feature",
      "properties": {
        "name": "I",
        "kind": "annular",
        "street_status": "autofilled"
      },
      "geometry": {
        "type": "LineString",
        "coordinates": [
          [
            -119.22097142673168,
            40.781306857526815
          ],
          [
            -119.22110605502941,
            40.7815600303891
          ],
          [
            -119.22123485964332,
            40.781816215382214
          ],
          [
            -119.22135777323497,
            40.78207527857385
          ],
          [
            -119.22147473154571,
            40.78233708452703
          ],
          [
            -119.22158567343031,
            40.782601496370845
          ],
          [
            -119.2216905408889,
            40.78286837587206
          ],
          [
            -119.22178927909725,
            40.78313758350737
          ]
        ]
      }
    },
    {
      "type": "Feature",
      "properties": {
        "name": "Rods Road",
        "kind": "center_camp",
        "street_status": "autofilled"
      },
      "geometry": {
        "type": "LineString",
        "coordinates": [
          [
            -119.2106188880349,
            40.783274375708416
          ],
          [
            -119.21048426135214,
            40.78327014995343
          ],
          [
            -119.21035005659623,
            40.783261017788185
          ],
          [
            -119.21021658304942,
            40.78324700025823
          ],
          [
            -119.21008414830827,
            40.783228129667755
          ],
          [
            -119.20995305757484,
            40.783204449504964
          ],
          [
            -119.2098236129528,
            40.78317601434197
          ],
          [
            -119.20969611275139,
            40.78314288970888
          ],
          [
            -119.2095708507975,
            40.7831051519429
          ],
          [
            -119.20944811575852,
            40.78306288801218
          ],
          [
            -119.20932819047695,
            40.783016195315426
          ],
          [
            -119.20921135131839,
            40.78296518145741
          ],
          [
            -119.2090978675346,
            40.782909964000936
          ],
          [
            -119.20898800064286,
            40.782850670195714
          ],
          [
            -119.20888200382329,
            40.7827874366852
          ],
          [
            -119.20878012133537,
            40.78272040919155
          ],
          [
            -119.20868258795487,
            40.78264974217973
          ]
        ]
      }
    },
    {
      "type": "Feature",
      "properties": {
        "name": "Rods Road",
        "kind": "center_camp",
        "street_status": "autofilled"
      },
      "geometry": {
        "type": "LineString",
        "coordinates": [
          [
            -119.21195307827284,
            40.78303767647922
          ],
          [
            -119.2118106252494,
            40.78308920388676
          ],
          [
            -119.211666094939,
            40.78313457847428
          ],
          [
            -119.21151975296627,
            40.78317371685025
          ],
          [
            -119.21137186828531,
            40.78320654708431
          ],
          [
            -119.21122271268553,
            40.78323300883954
          ],
          [
            -119.21107256029207,
            40.78325305348327
          ],
          [
            -119.21092168706201,
            40.78326664417652
          ],
          [
            -119.21077037027727,
            40.783273755941686
          ],
          [
            -119.2106188880349,
            40.783274375708416
          ]
        ]
      }
    },
    {
      "type": "Feature",
      "properties": {
        "name": "H",
        "kind": "annular",
        "street_status": "autofilled"
      },
      "geometry": {
        "type": "LineString",
        "coordinates": [
          [
            -119.18520226018317,
            40.78333433296555
          ],
          [
            -119.1852959180123,
            40.78307913443795
          ],
          [
            -119.18539538599218,
            40.78282614369182
          ],
          [
            -119.18550061212011,
            40.78257549299287
          ],
          [
            -119.18561154138295,
            40.78232731338339
          ],
          [
            -119.18572811578602,
            40.782081734613804
          ],
          [
            -119.18585027438316,
            40.78183888507475
          ],
          [
            -119.18597795330886,
            40.781598891730034
          ]
        ]
      }
    },
    {
      "type": "Feature",
      "properties": {
        "name": "2:00",
        "kind": "avenue",
        "street_status": "autofilled"
      },
      "geometry": {
        "type": "LineString",
        "coordinates": [
          [
            -119.18520226018317,
            40.78333433296555
          ],
          [
            -119.1842257529196,
            40.78313520348227
          ]
        ]
      }
    },
    {
      "type": "Feature",
      "properties": {
        "name": "7:00",
        "kind": "avenue",
        "street_status": "autofilled"
      },
      "geometry": {
        "type": "LineString",
        "coordinates": [
          [
            -119.22081273260545,
            40.78333658933808
          ],
          [
            -119.22178927909725,
            40.78313758350737
          ]
        ]
      }
    },
    {
      "type": "Feature",
      "properties": {
        "name": "H",
        "kind": "annular",
        "street_status": "autofilled"
      },
      "geometry": {
        "type": "LineString",
        "coordinates": [
          [
            -119.22003742397229,
            40.781601048104456
          ],
          [
            -119.22016504975814,
            40.78184105787048
          ],
          [
            -119.22028715457239,
            40.78208392313244
          ],
          [
            -119.22040367457748,
            40.782329516918026
          ],
          [
            -119.22051454885562,
            40.782577710828456
          ],
          [
            -119.22061971944068,
            40.782828375105574
          ],
          [
            -119.22071913134845,
            40.783081378699684
          ],
          [
            -119.22081273260545,
            40.78333658933808
          ]
        ]
      }
    },
    {
      "type": "Feature",
      "properties": {
        "name": "6:30",
        "kind": "avenue",
        "street_status": "autofilled"
      },
      "geometry": {
        "type": "LineString",
        "coordinates": [
          [
            -119.21082519674546,
            40.78353268901287
          ],
          [
            -119.21195307827284,
            40.78303767647922
          ]
        ]
      }
    },
    {
      "type": "Feature",
      "properties": {
        "name": "ESP",
        "kind": "annular",
        "street_status": "autofilled"
      },
      "geometry": {
        "type": "LineString",
        "coordinates": [
          [
            -119.2106188880349,
            40.783274375708416
          ],
          [
            -119.21072360551318,
            40.78340228390468
          ],
          [
            -119.21082519674546,
            40.78353268901287
          ]
        ]
      }
    },
    {
      "type": "Feature",
      "properties": {
        "name": "ESP",
        "kind": "annular",
        "street_status": "autofilled"
      },
      "geometry": {
        "type": "LineString",
        "coordinates": [
          [
            -119.19518975377736,
            40.78353169910126
          ],
          [
            -119.19526467224074,
            40.78343493628188
          ],
          [
            -119.19534166320564,
            40.783339118153194
          ],
          [
            -119.19542070605415,
            40.78324427036398
          ],
          [
            -119.19550177961935,
            40.783150418303165
          ],
          [
            -119.19558486219105,
            40.783057587093
          ],
          [
            -119.19566993152154,
            40.78296580158236
          ],
          [
            -119.19575696483157,
            40.782875086340155
          ],
          [
            -119.19584593881652,
            40.782785465648686
          ],
          [
            -119.19593682965255,
            40.7826969634972
          ],
          [
            -119.19602961300296,
            40.7826096035754
          ],
          [
            -119.19612426402492,
            40.78252340926717
          ],
          [
            -119.19622075737576,
            40.78243840364433
          ],
          [
            -119.19631906722019,
            40.78235460946037
          ],
          [
            -119.19641916723687,
            40.78227204914451
          ],
          [
            -119.19652103062553,
            40.78219074479556
          ],
          [
            -119.19662463011434,
            40.78211071817607
          ]
        ]
      }
    },
    {
      "type": "Feature",
      "properties": {
        "name": "2:30",
        "kind": "avenue",
        "street_status": "autofilled"
      },
      "geometry": {
        "type": "LineString",
        "coordinates": [
          [
            -119.19518975377736,
            40.78353169910126
          ],
          [
            -119.19382962171782,
            40.78293452209439
          ]
        ]
      }
    },
    {
      "type": "Feature",
      "properties": {
        "name": "G",
        "kind": "annular",
        "street_status": "autofilled"
      },
      "geometry": {
        "type": "LineString",
        "coordinates": [
          [
            -119.18617877209572,
            40.78353345508054
          ],
          [
            -119.18626728990014,
            40.78329225287521
          ],
          [
            -119.18636129927849,
            40.78305313731984
          ],
          [
            -119.1864607510804,
            40.78281623342964
          ],
          [
            -119.18656559331015,
            40.782581665063574
          ],
          [
            -119.18667577115374,
            40.7823495548595
          ],
          [
            -119.18679122700759,
            40.782120024170126
          ],
          [
            -119.18691190050868,
            40.781893192999476
          ]
        ]
      }
    },
    {
      "type": "Feature",
      "properties": {
        "name": "2:00",
        "kind": "avenue",
        "street_status": "autofilled"
      },
      "geometry": {
        "type": "LineString",
        "coordinates": [
          [
            -119.18617877209572,
            40.78353345508054
          ],
          [
            -119.18520226018317,
            40.78333433296555
          ]
        ]
      }
    },
    {
      "type": "Feature",
      "properties": {
        "name": "7:00",
        "kind": "avenue",
        "street_status": "autofilled"
      },
      "geometry": {
        "type": "LineString",
        "coordinates": [
          [
            -119.21983616961992,
            40.78353558870142
          ],
          [
            -119.22081273260545,
            40.78333658933808
          ]
        ]
      }
    },
    {
      "type": "Feature",
      "properties": {
        "name": "G",
        "kind": "annular",
        "street_status": "autofilled"
      },
      "geometry": {
        "type": "LineString",
        "coordinates": [
          [
            -119.21910340941588,
            40.78189523201024
          ],
          [
            -119.21922403201165,
            40.78212207876022
          ],
          [
            -119.21933943634974,
            40.782351624354014
          ],
          [
            -119.21944956209391,
            40.78258374877945
          ],
          [
            -119.21955435166764,
            40.78281833067607
          ],
          [
            -119.21965375028432,
            40.783055247398586
          ],
          [
            -119.21974770597588,
            40.78329437508102
          ],
          [
            -119.21983616961992,
            40.78353558870142
          ]
        ]
      }
    },
    {
      "type": "Feature",
      "properties": {
        "name": "F",
        "kind": "annular",
        "street_status": "autofilled"
      },
      "geometry": {
        "type": "LineString",
        "coordinates": [
          [
            -119.18715529102681,
            40.783732568026466
          ],
          [
            -119.18723866816919,
            40.78350536229911
          ],
          [
            -119.18732721829656,
            40.78328012207215
          ],
          [
            -119.1874208951115,
            40.7830569651099
          ],
          [
            -119.18751964963612,
            40.78283600808748
          ],
          [
            -119.18762343023771,
            40.78261736652979
          ],
          [
            -119.18773218265576,
            40.782401154751135
          ],
          [
            -119.18784585003029,
            40.782187485795404
          ]
        ]
      }
    },
    {
      "type": "Feature",
      "properties": {
        "name": "2:00",
        "kind": "avenue",
        "street_status": "autofilled"
      },
      "geometry": {
        "type": "LineString",
        "coordinates": [
          [
            -119.18715529102681,
            40.783732568026466
          ],
          [
            -119.18617877209572,
            40.78353345508054
          ]
        ]
      }
    },
    {
      "type": "Feature",
      "properties": {
        "name": "7:00",
        "kind": "avenue",
        "street_status": "autofilled"
      },
      "geometry": {
        "type": "LineString",
        "coordinates": [
          [
            -119.21885961146417,
            40.7837345770928
          ],
          [
            -119.21983616961992,
            40.78353558870142
          ]
        ]
      }
    },
    {
      "type": "Feature",
      "properties": {
        "name": "F",
        "kind": "annular",
        "street_status": "autofilled"
      },
      "geometry": {
        "type": "LineString",
        "coordinates": [
          [
            -119.2181693972778,
            40.78218940564084
          ],
          [
            -119.21828301698953,
            40.7824030892671
          ],
          [
            -119.21839172117026,
            40.78261931508689
          ],
          [
            -119.21849545298507,
            40.78283797004868
          ],
          [
            -119.21859415819883,
            40.78305893983088
          ],
          [
            -119.21868778520444,
            40.78328210890161
          ],
          [
            -119.21877628504997,
            40.78350736057912
          ],
          [
            -119.21885961146417,
            40.7837345770928
          ]
        ]
      }
    },
    {
      "type": "Feature",
      "properties": {
        "name": "E",
        "kind": "annular",
        "street_status": "autofilled"
      },
      "geometry": {
        "type": "LineString",
        "coordinates": [
          [
            -119.18884677478208,
            40.78407744133109
          ],
          [
            -119.1889108091052,
            40.783901719482216
          ],
          [
            -119.18897861682102,
            40.78372681752411
          ],
          [
            -119.18905017974869,
            40.78355278227565
          ],
          [
            -119.18912547870265,
            40.78337966032339
          ],
          [
            -119.18920449349778,
            40.783207498009034
          ],
          [
            -119.18928720295469,
            40.78303634141704
          ],
          [
            -119.18937358490547,
            40.78286623636231
          ],
          [
            -119.18946361619989,
            40.78269722837791
          ],
          [
            -119.18955727271118,
            40.782529362702945
          ],
          [
            -119.18965452934295,
            40.78236268427042
          ],
          [
            -119.18975536003562,
            40.78219723769513
          ],
          [
            -119.18985973777357,
            40.78203306726191
          ],
          [
            -119.18996763459243,
            40.781870216913674
          ],
          [
            -119.19007902158643,
            40.78170873023963
          ],
          [
            -119.19019386891631,
            40.78154865046369
          ],
          [
            -119.19031214581727,
            40.78139002043292
          ]
        ]
      }
    },
    {
      "type": "Feature",
      "properties": {
        "name": "2:00",
        "kind": "avenue",
        "street_status": "autofilled"
      },
      "geometry": {
        "type": "LineString",
        "coordinates": [
          [
            -119.18884677478208,
            40.78407744133109
          ],
          [
            -119.18715529102681,
            40.783732568026466
          ]
        ]
      }
    },
    {
      "type": "Feature",
      "properties": {
        "name": "7:00",
        "kind": "avenue",
        "street_status": "autofilled"
      },
      "geometry": {
        "type": "LineString",
        "coordinates": [
          [
            -119.21716805156252,
            40.784079236210005
          ],
          [
            -119.21885961146417,
            40.7837345770928
          ]
        ]
      }
    },
    {
      "type": "Feature",
      "properties": {
        "name": "E",
        "kind": "annular",
        "street_status": "autofilled"
      },
      "geometry": {
        "type": "LineString",
        "coordinates": [
          [
            -119.2157032788419,
            40.781391627096596
          ],
          [
            -119.21582152045164,
            40.7815502722923
          ],
          [
            -119.21593633216429,
            40.781710366796425
          ],
          [
            -119.21604768322457,
            40.78187186775793
          ],
          [
            -119.21615554380277,
            40.78203473194905
          ],
          [
            -119.21625988500286,
            40.78219891577681
          ],
          [
            -119.21636067887016,
            40.78236437529463
          ],
          [
            -119.21645789839886,
            40.78253106621424
          ],
          [
            -119.21655151753936,
            40.782698943917396
          ],
          [
            -119.21664151120517,
            40.78286796346782
          ],
          [
            -119.21672785527961,
            40.78303807962329
          ],
          [
            -119.21681052662258,
            40.7832092468477
          ],
          [
            -119.21688950307629,
            40.783381419323234
          ],
          [
            -119.2169647634717,
            40.783554550962705
          ],
          [
            -119.21703628763383,
            40.78372859542169
          ],
          [
            -119.21710405638758,
            40.783903506111244
          ],
          [
            -119.21716805156252,
            40.784079236210005
          ]
        ]
      }
    },
    {
      "type": "Feature",
      "properties": {
        "name": "D",
        "kind": "annular",
        "street_status": "autofilled"
      },
      "geometry": {
        "type": "LineString",
        "coordinates": [
          [
            -119.18984074697906,
            40.784280087340974
          ],
          [
            -119.18990028402798,
            40.78411670015177
          ],
          [
            -119.18996332963322,
            40.78395407527193
          ],
          [
            -119.19002986689259,
            40.783792256234335
          ],
          [
            -119.19009987796956,
            40.78363128635586
          ],
          [
            -119.19017334409817,
            40.783471208725814
          ],
          [
            -119.19025024558799,
            40.78331206619429
          ],
          [
            -119.1903305618294,
            40.7831539013608
          ],
          [
            -119.19041427129929,
            40.782996756562795
          ],
          [
            -119.19050135156658,
            40.78284067386448
          ],
          [
            -119.19059177929847,
            40.782685695045366
          ],
          [
            -119.19068553026658,
            40.78253186158931
          ],
          [
            -119.1907825793536,
            40.78237921467319
          ],
          [
            -119.19088290055986,
            40.782227795156096
          ],
          [
            -119.19098646701035,
            40.782077643568236
          ],
          [
            -119.19109325096211,
            40.78192880010018
          ],
          [
            -119.19120322381141,
            40.78178130459215
          ]
        ]
      }
    },
    {
      "type": "Feature",
      "properties": {
        "name": "2:00",
        "kind": "avenue",
        "street_status": "autofilled"
      },
      "geometry": {
        "type": "LineString",
        "coordinates": [
          [
            -119.18984074697906,
            40.784280087340974
          ],
          [
            -119.18884677478208,
            40.78407744133109
          ]
        ]
      }
    },
    {
      "type": "Feature",
      "properties": {
        "name": "7:00",
        "kind": "avenue",
        "street_status": "autofilled"
      },
      "geometry": {
        "type": "LineString",
        "coordinates": [
          [
            -119.2161740334376,
            40.78428175635625
          ],
          [
            -119.21716805156252,
            40.784079236210005
          ]
        ]
      }
    },
    {
      "type": "Feature",
      "properties": {
        "name": "D",
        "kind": "annular",
        "street_status": "autofilled"
      },
      "geometry": {
        "type": "LineString",
        "coordinates": [
          [
            -119.21481211680884,
            40.7817827975178
          ],
          [
            -119.2149220566105,
            40.78193030721763
          ],
          [
            -119.2150288072099,
            40.782079164468286
          ],
          [
            -119.21513234001229,
            40.78222932942593
          ],
          [
            -119.21523262728364,
            40.782380761896306
          ],
          [
            -119.21532964215801,
            40.78253342134571
          ],
          [
            -119.2154233586449,
            40.78268726691166
          ],
          [
            -119.21551375163615,
            40.782842257414
          ],
          [
            -119.21560079691268,
            40.782998351365755
          ],
          [
            -119.21568447115102,
            40.78315550698429
          ],
          [
            -119.2157647519296,
            40.78331368220256
          ],
          [
            -119.21584161773465,
            40.783472834680204
          ],
          [
            -119.21591504796619,
            40.78363292181504
          ],
          [
            -119.21598502294331,
            40.78379390075439
          ],
          [
            -119.21605152390973,
            40.783955728406504
          ],
          [
            -119.21611453303866,
            40.78411836145217
          ],
          [
            -119.2161740334376,
            40.78428175635625
          ]
        ]
      }
    },
    {
      "type": "Feature",
      "properties": {
        "name": "C",
        "kind": "annular",
        "street_status": "autofilled"
      },
      "geometry": {
        "type": "LineString",
        "coordinates": [
          [
            -119.19081728778303,
            40.78447917017793
          ],
          [
            -119.19087240665841,
            40.784327901255466
          ],
          [
            -119.19093077389567,
            40.78417733807376
          ],
          [
            -119.19099237384846,
            40.78402752093728
          ],
          [
            -119.19105719000538,
            40.783878489950645
          ],
          [
            -119.1911252049944,
            40.78373028500763
          ],
          [
            -119.19119640058767,
            40.783582945780715
          ],
          [
            -119.19127075770618,
            40.78343651171032
          ],
          [
            -119.19134825642512,
            40.7832910219944
          ],
          [
            -119.19142887597903,
            40.783146515577776
          ],
          [
            -119.19151259476757,
            40.78300303114186
          ],
          [
            -119.19159939036125,
            40.78286060709424
          ],
          [
            -119.19168923950727,
            40.782719281558414
          ],
          [
            -119.19178211813612,
            40.78257909236362
          ],
          [
            -119.19187800136774,
            40.78244007703467
          ],
          [
            -119.19197686351829,
            40.782302272781926
          ],
          [
            -119.19207867810711,
            40.782165716491406
          ]
        ]
      }
    },
    {
      "type": "Feature",
      "properties": {
        "name": "2:00",
        "kind": "avenue",
        "street_status": "autofilled"
      },
      "geometry": {
        "type": "LineString",
        "coordinates": [
          [
            -119.19081728778303,
            40.78447917017793
          ],
          [
            -119.18984074697906,
            40.784280087340974
          ]
        ]
      }
    },
    {
      "type": "Feature",
      "properties": {
        "name": "7:00",
        "kind": "avenue",
        "street_status": "autofilled"
      },
      "geometry": {
        "type": "LineString",
        "coordinates": [
          [
            -119.21519744867697,
            40.784480714636324
          ],
          [
            -119.2161740334376,
            40.78428175635625
          ]
        ]
      }
    },
    {
      "type": "Feature",
      "properties": {
        "name": "C",
        "kind": "annular",
        "street_status": "autofilled"
      },
      "geometry": {
        "type": "LineString",
        "coordinates": [
          [
            -119.21393657406881,
            40.78216710035924
          ],
          [
            -119.21403835820901,
            40.78230366962411
          ],
          [
            -119.21413718963376,
            40.782441486473694
          ],
          [
            -119.21423304187053,
            40.782580514018605
          ],
          [
            -119.21432588924384,
            40.78272071504522
          ],
          [
            -119.21441570688204,
            40.78286205202555
          ],
          [
            -119.21450247072394,
            40.78300448712729
          ],
          [
            -119.21458615752535,
            40.783147982224044
          ],
          [
            -119.21466674486534,
            40.78329249890529
          ],
          [
            -119.21474421115212,
            40.78343799848692
          ],
          [
            -119.21481853562899,
            40.78358444202144
          ],
          [
            -119.21488969837984,
            40.78373179030836
          ],
          [
            -119.21495768033446,
            40.78388000390488
          ],
          [
            -119.21502246327383,
            40.784029043136215
          ],
          [
            -119.21508402983483,
            40.7841788681063
          ],
          [
            -119.215142363515,
            40.7843294387085
          ],
          [
            -119.21519744867697,
            40.784480714636324
          ]
        ]
      }
    },
    {
      "type": "Feature",
      "properties": {
        "name": "B",
        "kind": "annular",
        "street_status": "autofilled"
      },
      "geometry": {
        "type": "LineString",
        "coordinates": [
          [
            -119.19179383441936,
            40.78467824384475
          ],
          [
            -119.19184453577712,
            40.78453909340504
          ],
          [
            -119.19189822529167,
            40.78440059214529
          ],
          [
            -119.19195488857207,
            40.784262777141485
          ],
          [
            -119.19201451043163,
            40.784125685285716
          ],
          [
            -119.19207707489197,
            40.783989353276176
          ],
          [
            -119.19214256518723,
            40.78385381760756
          ],
          [
            -119.19221096376873,
            40.78371911456106
          ],
          [
            -119.19228225230957,
            40.78358528019482
          ],
          [
            -119.1923564117096,
            40.783452350334244
          ],
          [
            -119.19243342210059,
            40.7833203605624
          ],
          [
            -119.19251326285143,
            40.78318934621045
          ],
          [
            -119.19259591257376,
            40.78305934234832
          ],
          [
            -119.19268134912775,
            40.782930383775216
          ],
          [
            -119.19276954962801,
            40.78280250501033
          ],
          [
            -119.19286049044962,
            40.78267574028365
          ],
          [
            -119.19295414723463,
            40.782550123526775
          ]
        ]
      }
    },
    {
      "type": "Feature",
      "properties": {
        "name": "2:00",
        "kind": "avenue",
        "street_status": "autofilled"
      },
      "geometry": {
        "type": "LineString",
        "coordinates": [
          [
            -119.19179383441936,
            40.78467824384475
          ],
          [
            -119.19081728778303,
            40.78447917017793
          ]
        ]
      }
    },
    {
      "type": "Feature",
      "properties": {
        "name": "7:00",
        "kind": "avenue",
        "street_status": "autofilled"
      },
      "geometry": {
        "type": "LineString",
        "coordinates": [
          [
            -119.2142208592708,
            40.784679664645964
          ],
          [
            -119.21519744867697,
            40.784480714636324
          ]
        ]
      }
    },
    {
      "type": "Feature",
      "properties": {
        "name": "B",
        "kind": "annular",
        "street_status": "autofilled"
      },
      "geometry": {
        "type": "LineString",
        "coordinates": [
          [
            -119.21306102123644,
            40.78255139653371
          ],
          [
            -119.21315464998901,
            40.78267702523217
          ],
          [
            -119.21324556252306,
            40.782803801552845
          ],
          [
            -119.21333373448812,
            40.78293169156105
          ],
          [
            -119.21341914226711,
            40.7830606610238
          ],
          [
            -119.21350176298219,
            40.783190675418986
          ],
          [
            -119.21358157450132,
            40.78332169994459
          ],
          [
            -119.21365855544401,
            40.78345369952797
          ],
          [
            -119.21373268518705,
            40.78358663883532
          ],
          [
            -119.21380394387012,
            40.78372048228105
          ],
          [
            -119.21387231240102,
            40.78385519403736
          ],
          [
            -119.21393777246097,
            40.78399073804372
          ],
          [
            -119.21400030650932,
            40.78412707801673
          ],
          [
            -119.21405989778843,
            40.784264177459605
          ],
          [
            -119.21411653032806,
            40.78440199967206
          ],
          [
            -119.21417018894972,
            40.784540507760134
          ],
          [
            -119.2142208592708,
            40.784679664645964
          ]
        ]
      }
    },
    {
      "type": "Feature",
      "properties": {
        "name": "7:00",
        "kind": "avenue",
        "street_status": "autofilled"
      },
      "geometry": {
        "type": "LineString",
        "coordinates": [
          [
            -119.21324426403467,
            40.78487860638514
          ],
          [
            -119.2142208592708,
            40.784679664645964
          ]
        ]
      }
    },
    {
      "type": "Feature",
      "properties": {
        "name": "A",
        "kind": "annular",
        "street_status": "autofilled"
      },
      "geometry": {
        "type": "LineString",
        "coordinates": [
          [
            -119.21218546305022,
            40.782935682438776
          ],
          [
            -119.21227093636166,
            40.7830503706961
          ],
          [
            -119.21235392995561,
            40.78316610661303
          ],
          [
            -119.2124344216036,
            40.783282859209514
          ],
          [
            -119.2125123897465,
            40.78340059723332
          ],
          [
            -119.21258781350033,
            40.78351928916819
          ],
          [
            -119.21266067266188,
            40.7836389032424
          ],
          [
            -119.21273094771415,
            40.78375940743719
          ],
          [
            -119.21279861983152,
            40.7838807694954
          ],
          [
            -119.2128636708848,
            40.78400295693
          ],
          [
            -119.21292608344622,
            40.78412593703287
          ],
          [
            -119.21298584079396,
            40.784249676883526
          ],
          [
            -119.21304292691669,
            40.7843741433579
          ],
          [
            -119.21309732651794,
            40.78449930313728
          ],
          [
            -119.21314902502009,
            40.784625122717124
          ],
          [
            -119.2131980085684,
            40.78475156841614
          ],
          [
            -119.21324426403467,
            40.78487860638514
          ]
        ]
      }
    },
    {
      "type": "Feature",
      "properties": {
        "name": "A",
        "kind": "annular",
        "street_status": "autofilled"
      },
      "geometry": {
        "type": "LineString",
        "coordinates": [
          [
            -119.19277038570253,
            40.78487731014215
          ],
          [
            -119.19281666961177,
            40.784750278109215
          ],
          [
            -119.19286568147066,
            40.78462383869654
          ],
          [
            -119.1929174081434,
            40.784498025751596
          ],
          [
            -119.19297183576768,
            40.78437287295392
          ],
          [
            -119.19302894975846,
            40.78424841380615
          ],
          [
            -119.1930887348117,
            40.78412468162511
          ],
          [
            -119.19315117490873,
            40.78400170953274
          ],
          [
            -119.19321625332033,
            40.78387953044744
          ],
          [
            -119.19328395261141,
            40.78375817707509
          ],
          [
            -119.19335425464551,
            40.78363768190033
          ],
          [
            -119.1934271405898,
            40.783518077177995
          ],
          [
            -119.19350259092008,
            40.783399394924295
          ],
          [
            -119.193580585426,
            40.78328166690838
          ],
          [
            -119.19366110321657,
            40.78316492464383
          ],
          [
            -119.19374412272566,
            40.783049199380116
          ],
          [
            -119.19382962171782,
            40.78293452209439
          ]
        ]
      }
    },
    {
      "type": "Feature",
      "properties": {
        "name": "2:00",
        "kind": "avenue",
        "street_status": "autofilled"
      },
      "geometry": {
        "type": "LineString",
        "coordinates": [
          [
            -119.19277038570253,
            40.78487731014215
          ],
          [
            -119.19179383441936,
            40.78467824384475
          ]
        ]
      }
    },
    {
      "type": "Feature",
      "properties": {
        "name": "K",
        "kind": "annular",
        "street_status": "autofilled"
      },
      "geometry": {
        "type": "LineString",
        "coordinates": [
          [
            -119.22307971894074,
            40.78287459619505
          ],
          [
            -119.22317620972112,
            40.78315823594756
          ],
          [
            -119.22326588700301,
            40.78344410327434
          ],
          [
            -119.22334869945193,
            40.78373203453479
          ],
          [
            -119.22342459966312,
            40.784021864906876
          ],
          [
            -119.2234935441886,
            40.784313428481404
          ],
          [
            -119.22355549356209,
            40.784606558357055
          ],
          [
            -119.22361041232156,
            40.78490108673591
          ]
        ]
      }
    },
    {
      "type": "Feature",
      "properties": {
        "name": "7:15",
        "kind": "path",
        "street_status": "autofilled"
      },
      "geometry": {
        "type": "LineString",
        "coordinates": [
          [
            -119.22293021012155,
            40.78496923449574
          ],
          [
            -119.22361041232156,
            40.78490108673591
          ]
        ]
      }
    },
    {
      "type": "Feature",
      "properties": {
        "name": "J",
        "kind": "annular",
        "street_status": "autofilled"
      },
      "geometry": {
        "type": "LineString",
        "coordinates": [
          [
            -119.22241705455109,
            40.78300964694981
          ],
          [
            -119.22251035740229,
            40.78328392270074
          ],
          [
            -119.22259707165526,
            40.78356035244011
          ],
          [
            -119.22267714767115,
            40.78383877792785
          ],
          [
            -119.22275053961103,
            40.784119039781444
          ],
          [
            -119.22281720546226,
            40.784400977567195
          ],
          [
            -119.2228771070625,
            40.78468442989199
          ],
          [
            -119.22293021012155,
            40.78496923449574
          ]
        ]
      }
    },
    {
      "type": "Feature",
      "properties": {
        "name": "7:15",
        "kind": "path",
        "street_status": "autofilled"
      },
      "geometry": {
        "type": "LineString",
        "coordinates": [
          [
            -119.22228581785158,
            40.785033791357534
          ],
          [
            -119.22293021012155,
            40.78496923449574
          ]
        ]
      }
    },
    {
      "type": "Feature",
      "properties": {
        "name": "I",
        "kind": "annular",
        "street_status": "autofilled"
      },
      "geometry": {
        "type": "LineString",
        "coordinates": [
          [
            -119.22178927909725,
            40.78313758350737
          ],
          [
            -119.22187956153839,
            40.78340298841664
          ],
          [
            -119.22196346843586,
            40.7836704775954
          ],
          [
            -119.2220409517572,
            40.78393989791966
          ],
          [
            -119.22211196714711,
            40.78421109515991
          ],
          [
            -119.22217647395293,
            40.784483914069476
          ],
          [
            -119.22223443524771,
            40.78475819847333
          ],
          [
            -119.22228581785158,
            40.785033791357534
          ]
        ]
      }
    },
    {
      "type": "Feature",
      "properties": {
        "name": "7:15",
        "kind": "path",
        "street_status": "autofilled"
      },
      "geometry": {
        "type": "LineString",
        "coordinates": [
          [
            -119.22128342515481,
            40.785134205589685
          ],
          [
            -119.22228581785158,
            40.785033791357534
          ]
        ]
      }
    },
    {
      "type": "Feature",
      "properties": {
        "name": "H",
        "kind": "annular",
        "street_status": "autofilled"
      },
      "geometry": {
        "type": "LineString",
        "coordinates": [
          [
            -119.22081273260545,
            40.78333658933808
          ],
          [
            -119.22089831691268,
            40.78358819500668
          ],
          [
            -119.22097785710423,
            40.78384177649794
          ],
          [
            -119.22105130764648,
            40.78409718864652
          ],
          [
            -119.2211186264919,
            40.784354285239104
          ],
          [
            -119.22117977510318,
            40.784612919098116
          ],
          [
            -119.2212347184751,
            40.78487294216593
          ],
          [
            -119.22128342515481,
            40.785134205589685
          ]
        ]
      }
    },
    {
      "type": "Feature",
      "properties": {
        "name": "7:00",
        "kind": "avenue",
        "street_status": "autofilled"
      },
      "geometry": {
        "type": "LineString",
        "coordinates": [
          [
            -119.21172704389804,
            40.785187660921174
          ],
          [
            -119.21324426403467,
            40.78487860638514
          ]
        ]
      }
    },
    {
      "type": "Feature",
      "properties": {
        "name": "ESP",
        "kind": "annular",
        "street_status": "autofilled"
      },
      "geometry": {
        "type": "LineString",
        "coordinates": [
          [
            -119.21082519674546,
            40.78353268901287
          ],
          [
            -119.21093803373253,
            40.78368459354079
          ],
          [
            -119.21104609296754,
            40.783839933189405
          ],
          [
            -119.21114926996228,
            40.783998557752554
          ],
          [
            -119.21124746494942,
            40.78416031384772
          ],
          [
            -119.21134058297902,
            40.784325045064335
          ],
          [
            -119.21142853401031,
            40.78449259211504
          ],
          [
            -119.21151123299877,
            40.78466279298969
          ],
          [
            -119.21158859997834,
            40.78483548311202
          ],
          [
            -119.21166056013881,
            40.785010495498774
          ],
          [
            -119.21172704389804,
            40.785187660921174
          ]
        ]
      }
    },
    {
      "type": "Feature",
      "properties": {
        "name": "ESP",
        "kind": "annular",
        "street_status": "autofilled"
      },
      "geometry": {
        "type": "LineString",
        "coordinates": [
          [
            -119.19428754111306,
            40.785186556790975
          ],
          [
            -119.19435406400052,
            40.78500939979146
          ],
          [
            -119.19442606281372,
            40.7848343965205
          ],
          [
            -119.19450346793316,
            40.78466171619809
          ],
          [
            -119.19458620451172,
            40.78449152579802
          ],
          [
            -119.19467419254697,
            40.78432398988647
          ],
          [
            -119.19476734695863,
            40.784159270462816
          ],
          [
            -119.19486557767068,
            40.78399752680307
          ],
          [
            -119.19496878969866,
            40.78383891530578
          ],
          [
            -119.19507688324136,
            40.78368358934085
          ],
          [
            -119.19518975377736,
            40.78353169910126
          ]
        ]
      }
    },
    {
      "type": "Feature",
      "properties": {
        "name": "2:00",
        "kind": "avenue",
        "street_status": "autofilled"
      },
      "geometry": {
        "type": "LineString",
        "coordinates": [
          [
            -119.19428754111306,
            40.785186556790975
          ],
          [
            -119.19277038570253,
            40.78487731014215
          ]
        ]
      }
    },
    {
      "type": "Feature",
      "properties": {
        "name": "7:15",
        "kind": "path",
        "street_status": "autofilled"
      },
      "geometry": {
        "type": "LineString",
        "coordinates": [
          [
            -119.22028102114233,
            40.78523461201509
          ],
          [
            -119.22128342515481,
            40.785134205589685
          ]
        ]
      }
    },
    {
      "type": "Feature",
      "properties": {
        "name": "G",
        "kind": "annular",
        "street_status": "autofilled"
      },
      "geometry": {
        "type": "LineString",
        "coordinates": [
          [
            -119.21983616961992,
            40.78353558870142
          ],
          [
            -119.21991705649505,
            40.783773394892236
          ],
          [
            -119.21999223069561,
            40.784013068473314
          ],
          [
            -119.22006164918658,
            40.78425447223848
          ],
          [
            -119.22012527222792,
            40.7844974679911
          ],
          [
            -119.22018306339722,
            40.78474191662317
          ],
          [
            -119.22023498961077,
            40.78498767819495
          ],
          [
            -119.22028102114233,
            40.78523461201509
          ]
        ]
      }
    },
    {
      "type": "Feature",
      "properties": {
        "name": "7:15",
        "kind": "path",
        "street_status": "autofilled"
      },
      "geometry": {
        "type": "LineString",
        "coordinates": [
          [
            -119.21927863069268,
            40.78533500792996
          ],
          [
            -119.22028102114233,
            40.78523461201509
          ]
        ]
      }
    },
    {
      "type": "Feature",
      "properties": {
        "name": "F",
        "kind": "annular",
        "street_status": "autofilled"
      },
      "geometry": {
        "type": "LineString",
        "coordinates": [
          [
            -119.21885961146417,
            40.7837345770928
          ],
          [
            -119.21893580213536,
            40.7839585837889
          ],
          [
            -119.21900661158062,
            40.78418434946991
          ],
          [
            -119.21907199926288,
            40.7844117448892
          ],
          [
            -119.2191319277489,
            40.78464063986712
          ],
          [
            -119.21918636273075,
            40.78487090336559
          ],
          [
            -119.21923527304544,
            40.785102403563045
          ],
          [
            -119.21927863069268,
            40.78533500792996
          ]
        ]
      }
    },
    {
      "type": "Feature",
      "properties": {
        "name": "K",
        "kind": "annular",
        "street_status": "autofilled"
      },
      "geometry": {
        "type": "LineString",
        "coordinates": [
          [
            -119.22361041232156,
            40.78490108673591
          ],
          [
            -119.22365200740269,
            40.785156723394344
          ],
          [
            -119.22368810928167,
            40.78541319373553
          ],
          [
            -119.22371870134491,
            40.785670379735365
          ],
          [
            -119.22374376951437,
            40.785928163040424
          ],
          [
            -119.22376330225401,
            40.78618642502241
          ],
          [
            -119.22377729057519,
            40.78644504683271
          ],
          [
            -119.2237857280406,
            40.786703909457174
          ],
          [
            -119.2237886107675,
            40.78696289377079
          ]
        ]
      }
    },
    {
      "type": "Feature",
      "properties": {
        "name": "7:30",
        "kind": "avenue",
        "street_status": "autofilled"
      },
      "geometry": {
        "type": "LineString",
        "coordinates": [
          [
            -119.22310250914873,
            40.786962971846016
          ],
          [
            -119.2237886107675,
            40.78696289377079
          ]
        ]
      }
    },
    {
      "type": "Feature",
      "properties": {
        "name": "J",
        "kind": "annular",
        "street_status": "autofilled"
      },
      "geometry": {
        "type": "LineString",
        "coordinates": [
          [
            -119.22293021012155,
            40.78496923449574
          ],
          [
            -119.22297574244286,
            40.78525181389638
          ],
          [
            -119.22301433371136,
            40.78553542490687
          ],
          [
            -119.22304596073158,
            40.78581989706134
          ],
          [
            -119.22307060449393,
            40.78610505937634
          ],
          [
            -119.22308825018617,
            40.786390740453605
          ],
          [
            -119.22309888720226,
            40.78667676858306
          ],
          [
            -119.22310250914873,
            40.786962971846016
          ]
        ]
      }
    },
    {
      "type": "Feature",
      "properties": {
        "name": "7:30",
        "kind": "avenue",
        "street_status": "autofilled"
      },
      "geometry": {
        "type": "LineString",
        "coordinates": [
          [
            -119.22245252144286,
            40.78696304204898
          ],
          [
            -119.22310250914873,
            40.786962971846016
          ]
        ]
      }
    },
    {
      "type": "Feature",
      "properties": {
        "name": "I",
        "kind": "annular",
        "street_status": "autofilled"
      },
      "geometry": {
        "type": "LineString",
        "coordinates": [
          [
            -119.22228581785158,
            40.785033791357534
          ],
          [
            -119.22232987428227,
            40.785307231068344
          ],
          [
            -119.22236721414686,
            40.78558166894624
          ],
          [
            -119.22239781500197,
            40.78585694003824
          ],
          [
            -119.22242165845468,
            40.78613287889052
          ],
          [
            -119.22243873017374,
            40.78640931964793
          ],
          [
            -119.22244901989802,
            40.78668609615364
          ],
          [
            -119.22245252144286,
            40.78696304204898
          ]
        ]
      }
    },
    {
      "type": "Feature",
      "properties": {
        "name": "7:30",
        "kind": "avenue",
        "street_status": "autofilled"
      },
      "geometry": {
        "type": "LineString",
        "coordinates": [
          [
            -119.22144143129259,
            40.786963143976585
          ],
          [
            -119.22245252144286,
            40.78696304204898
          ]
        ]
      }
    },
    {
      "type": "Feature",
      "properties": {
        "name": "H",
        "kind": "annular",
        "street_status": "autofilled"
      },
      "geometry": {
        "type": "LineString",
        "coordinates": [
          [
            -119.22128342515481,
            40.785134205589685
          ],
          [
            -119.22132518669225,
            40.78539342797583
          ],
          [
            -119.22136058086619,
            40.78565359652991
          ],
          [
            -119.2213895864025,
            40.78591455487451
          ],
          [
            -119.2214121858671,
            40.78617614615752
          ],
          [
            -119.22142836567626,
            40.7864382131464
          ],
          [
            -119.22143811610498,
            40.78670059832266
          ],
          [
            -119.22144143129259,
            40.786963143976585
          ]
        ]
      }
    },
    {
      "type": "Feature",
      "properties": {
        "name": "7:30",
        "kind": "avenue",
        "street_status": "autofilled"
      },
      "geometry": {
        "type": "LineString",
        "coordinates": [
          [
            -119.2204303423198,
            40.78696323704541
          ],
          [
            -119.22144143129259,
            40.786963143976585
          ]
        ]
      }
    },
    {
      "type": "Feature",
      "properties": {
        "name": "G",
        "kind": "annular",
        "street_status": "autofilled"
      },
      "geometry": {
        "type": "LineString",
        "coordinates": [
          [
            -119.22028102114233,
            40.78523461201509
          ],
          [
            -119.22032048953979,
            40.785479616797474
          ],
          [
            -119.22035393978851,
            40.78572551579089
          ],
          [
            -119.22038135178273,
            40.78597216119394
          ],
          [
            -119.22040270904601,
            40.78621940475663
          ],
          [
            -119.22041799874127,
            40.7864670978694
          ],
          [
            -119.2204272116784,
            40.78671509165248
          ],
          [
            -119.2204303423198,
            40.78696323704541
          ]
        ]
      }
    },
    {
      "type": "Feature",
      "properties": {
        "name": "7:30",
        "kind": "avenue",
        "street_status": "autofilled"
      },
      "geometry": {
        "type": "LineString",
        "coordinates": [
          [
            -119.21941925215553,
            40.78696332125572
          ],
          [
            -119.2204303423198,
            40.78696323704541
          ]
        ]
      }
    },
    {
      "type": "Feature",
      "properties": {
        "name": "F",
        "kind": "annular",
        "street_status": "autofilled"
      },
      "geometry": {
        "type": "LineString",
        "coordinates": [
          [
            -119.21927863069268,
            40.78533500792996
          ],
          [
            -119.21931580387466,
            40.78556579549781
          ],
          [
            -119.21934730810987,
            40.785797425269315
          ],
          [
            -119.21937312446207,
            40.78602975801873
          ],
          [
            -119.2193932374138,
            40.786262654097754
          ],
          [
            -119.21940763487578,
            40.786495973519514
          ],
          [
            -119.21941630819411,
            40.786729576042674
          ],
          [
            -119.21941925215553,
            40.78696332125572
          ]
        ]
      }
    },
    {
      "type": "Feature",
      "properties": {
        "name": "7:30",
        "kind": "avenue",
        "street_status": "autofilled"
      },
      "geometry": {
        "type": "LineString",
        "coordinates": [
          [
            -119.21766790190426,
            40.78696344615816
          ],
          [
            -119.21941925215553,
            40.78696332125572
          ]
        ]
      }
    },
    {
      "type": "Feature",
      "properties": {
        "name": "E",
        "kind": "annular",
        "street_status": "autofilled"
      },
      "geometry": {
        "type": "LineString",
        "coordinates": [
          [
            -119.21716805156252,
            40.784079236210005
          ],
          [
            -119.21724686303251,
            40.78431132140276
          ],
          [
            -119.21731907114643,
            40.78454554544683
          ],
          [
            -119.2173846179978,
            40.784781720508946
          ],
          [
            -119.21744345102205,
            40.78501965719124
          ],
          [
            -119.21749552303878,
            40.78525916468313
          ],
          [
            -119.21754079228937,
            40.78550005091436
          ],
          [
            -119.21757922247072,
            40.785742122709
          ],
          [
            -119.21761078276417,
            40.78598518594037
          ],
          [
            -119.2176354478603,
            40.786229045686724
          ],
          [
            -119.21765319797922,
            40.786473506387544
          ],
          [
            -119.21766401888644,
            40.78671837200041
          ],
          [
            -119.21766790190426,
            40.78696344615816
          ]
        ]
      }
    },
    {
      "type": "Feature",
      "properties": {
        "name": "7:30",
        "kind": "avenue",
        "street_status": "autofilled"
      },
      "geometry": {
        "type": "LineString",
        "coordinates": [
          [
            -119.21663875654193,
            40.786963507156365
          ],
          [
            -119.21766790190426,
            40.78696344615816
          ]
        ]
      }
    },
    {
      "type": "Feature",
      "properties": {
        "name": "D",
        "kind": "annular",
        "street_status": "autofilled"
      },
      "geometry": {
        "type": "LineString",
        "coordinates": [
          [
            -119.2161740334376,
            40.78428175635625
          ],
          [
            -119.21624730960701,
            40.78449755062213
          ],
          [
            -119.21631444589529,
            40.78471533352644
          ],
          [
            -119.21637538846257,
            40.78493493041839
          ],
          [
            -119.21643008843598,
            40.78515616519247
          ],
          [
            -119.21647850194896,
            40.78537886042968
          ],
          [
            -119.21652059017633,
            40.78560283753979
          ],
          [
            -119.21655631936548,
            40.78582791690459
          ],
          [
            -119.21658566086343,
            40.7860539180219
          ],
          [
            -119.21660859113979,
            40.78628065965035
          ],
          [
            -119.21662509180565,
            40.78650795995472
          ],
          [
            -119.21663514962832,
            40.78673563665176
          ],
          [
            -119.21663875654193,
            40.786963507156365
          ]
        ]
      }
    },
    {
      "type": "Feature",
      "properties": {
        "name": "7:30",
        "kind": "avenue",
        "street_status": "autofilled"
      },
      "geometry": {
        "type": "LineString",
        "coordinates": [
          [
            -119.21562766280206,
            40.78696355814684
          ],
          [
            -119.21663875654193,
            40.786963507156365
          ]
        ]
      }
    },
    {
      "type": "Feature",
      "properties": {
        "name": "C",
        "kind": "annular",
        "street_status": "autofilled"
      },
      "geometry": {
        "type": "LineString",
        "coordinates": [
          [
            -119.21519744867697,
            40.784480714636324
          ],
          [
            -119.21527117280523,
            40.78469876011555
          ],
          [
            -119.215338126338,
            40.78491897916131
          ],
          [
            -119.21539824537572,
            40.78514116159952
          ],
          [
            -119.2154514725416,
            40.78536509538224
          ],
          [
            -119.21549775703636,
            40.7855905667901
          ],
          [
            -119.21553705468668,
            40.78581736063621
          ],
          [
            -119.21556932798742,
            40.7860452604716
          ],
          [
            -119.2155945461374,
            40.78627404879173
          ],
          [
            -119.2156126850687,
            40.786503507244106
          ],
          [
            -119.21562372746985,
            40.78673341683668
          ],
          [
            -119.21562766280206,
            40.78696355814684
          ]
        ]
      }
    },
    {
      "type": "Feature",
      "properties": {
        "name": "7:30",
        "kind": "avenue",
        "street_status": "autofilled"
      },
      "geometry": {
        "type": "LineString",
        "coordinates": [
          [
            -119.21461657616588,
            40.78696360027832
          ],
          [
            -119.21562766280206,
            40.78696355814684
          ]
        ]
      }
    },
    {
      "type": "Feature",
      "properties": {
        "name": "B",
        "kind": "annular",
        "street_status": "autofilled"
      },
      "geometry": {
        "type": "LineString",
        "coordinates": [
          [
            -119.2142208592708,
            40.784679664645964
          ],
          [
            -119.21428867450494,
            40.78488024224915
          ],
          [
            -119.21435026150431,
            40.78508281921883
          ],
          [
            -119.21440556149034,
            40.785287202215756
          ],
          [
            -119.21445452168479,
            40.785493196177
          ],
          [
            -119.21449709536007,
            40.785700604502125
          ],
          [
            -119.21453324188396,
            40.78590922924085
          ],
          [
            -119.21456292675819,
            40.786118871281936
          ],
          [
            -119.21458612165158,
            40.78632933054324
          ],
          [
            -119.21460280442696,
            40.78654040616263
          ],
          [
            -119.21461295916228,
            40.78675189668978
          ],
          [
            -119.21461657616588,
            40.78696360027832
          ]
        ]
      }
    },
    {
      "type": "Feature",
      "properties": {
        "name": "7:30",
        "kind": "avenue",
        "street_status": "autofilled"
      },
      "geometry": {
        "type": "LineString",
        "coordinates": [
          [
            -119.2136054871561,
            40.78696363355126
          ],
          [
            -119.21461657616588,
            40.78696360027832
          ]
        ]
      }
    },
    {
      "type": "Feature",
      "properties": {
        "name": "A",
        "kind": "annular",
        "street_status": "autofilled"
      },
      "geometry": {
        "type": "LineString",
        "coordinates": [
          [
            -119.21324426403467,
            40.78487860638514
          ],
          [
            -119.21330617064346,
            40.785061716020095
          ],
          [
            -119.21336239138782,
            40.785246650827744
          ],
          [
            -119.21341287261004,
            40.785433234304186
          ],
          [
            -119.21345756613026,
            40.785621288372006
          ],
          [
            -119.21349642929248,
            40.78581063355023
          ],
          [
            -119.21352942500522,
            40.78600108912565
          ],
          [
            -119.21355652177702,
            40.786192473325265
          ],
          [
            -119.2135776937464,
            40.786384603489786
          ],
          [
            -119.21359292070659,
            40.786577296248
          ],
          [
            -119.2136021881248,
            40.78677036769169
          ],
          [
            -119.2136054871561,
            40.78696363355126
          ]
        ]
      }
    },
    {
      "type": "Feature",
      "properties": {
        "name": "7:30",
        "kind": "avenue",
        "street_status": "autofilled"
      },
      "geometry": {
        "type": "LineString",
        "coordinates": [
          [
            -119.2120346874956,
            40.78696366767136
          ],
          [
            -119.2136054871561,
            40.78696363355126
          ]
        ]
      }
    },
    {
      "type": "Feature",
      "properties": {
        "name": "ESP",
        "kind": "annular",
        "street_status": "autofilled"
      },
      "geometry": {
        "type": "LineString",
        "coordinates": [
          [
            -119.21172704389804,
            40.785187660921174
          ],
          [
            -119.21178477894341,
            40.7853593176746
          ],
          [
            -119.21183664799591,
            40.78553283730963
          ],
          [
            -119.21188259115505,
            40.785708019438566
          ],
          [
            -119.2119225553637,
            40.78588466175377
          ],
          [
            -119.21195649446953,
            40.786062560261314
          ],
          [
            -119.21198436927827,
            40.78624150951659
          ],
          [
            -119.2120061475989,
            40.786421302861534
          ],
          [
            -119.21202180428092,
            40.78660173266328
          ],
          [
            -119.21203132124336,
            40.78678259055397
          ],
          [
            -119.2120346874956,
            40.78696366767136
          ]
        ]
      }
    },
    {
      "type": "Feature",
      "properties": {
        "name": "6:00",
        "kind": "avenue",
        "street_status": "autofilled"
      },
      "geometry": {
        "type": "LineString",
        "coordinates": [
          [
            -119.20868258795487,
            40.78264974217973
          ],
          [
            -119.20300709634066,
            40.786963449220146
          ]
        ]
      }
    },
    {
      "type": "Feature",
      "properties": {
        "name": "3:00",
        "kind": "avenue",
        "street_status": "autofilled"
      },
      "geometry": {
        "type": "LineString",
        "coordinates": [
          [
            -119.20300709634066,
            40.786963449220146
          ],
          [
            -119.19662463011434,
            40.78211071817607
          ]
        ]
      }
    },
    {
      "type": "Feature",
      "properties": {
        "name": "F",
        "kind": "annular",
        "street_status": "autofilled"
      },
      "geometry": {
        "type": "LineString",
        "coordinates": [
          [
            -119.21941925215553,
            40.78696332125572
          ],
          [
            -119.21941637221724,
            40.78719706343491
          ],
          [
            -119.21940776236112,
            40.78743066501243
          ],
          [
            -119.21939342776345,
            40.78766398554682
          ],
          [
            -119.21937337704219,
            40.78789688476556
          ],
          [
            -119.21934762225186,
            40.788129222649424
          ],
          [
            -119.21931617887627,
            40.788360859516686
          ],
          [
            -119.21927906581918,
            40.78859165610705
          ]
        ]
      }
    },
    {
      "type": "Feature",
      "properties": {
        "name": "G",
        "kind": "annular",
        "street_status": "autofilled"
      },
      "geometry": {
        "type": "LineString",
        "coordinates": [
          [
            -119.2204303423198,
            40.78696323704541
          ],
          [
            -119.2204272873784,
            40.78721137903125
          ],
          [
            -119.22041814950728,
            40.78745937181223
          ],
          [
            -119.22040293420018,
            40.78770706629406
          ],
          [
            -119.22038165060461,
            40.787954313561784
          ],
          [
            -119.22035431151635,
            40.7882009649693
          ],
          [
            -119.22032093337177,
            40.788446872228775
          ],
          [
            -119.22028153623795,
            40.788691887499716
          ]
        ]
      }
    },
    {
      "type": "Feature",
      "properties": {
        "name": "7:45",
        "kind": "path",
        "street_status": "autofilled"
      },
      "geometry": {
        "type": "LineString",
        "coordinates": [
          [
            -119.21927906581918,
            40.78859165610705
          ],
          [
            -119.22028153623795,
            40.788691887499716
          ]
        ]
      }
    },
    {
      "type": "Feature",
      "properties": {
        "name": "ESP",
        "kind": "annular",
        "street_status": "autofilled"
      },
      "geometry": {
        "type": "LineString",
        "coordinates": [
          [
            -119.2120346874956,
            40.78696366767136
          ],
          [
            -119.21203133130624,
            40.787144742152584
          ],
          [
            -119.21202182378805,
            40.78732559829366
          ],
          [
            -119.21200617592328,
            40.78750602718591
          ],
          [
            -119.21198440578692,
            40.78768582041416
          ],
          [
            -119.21195653852587,
            40.7878647702975
          ],
          [
            -119.21192260632986,
            40.788042670129194
          ],
          [
            -119.21188264839434,
            40.78821931441541
          ],
          [
            -119.21183671087505,
            40.788394499112606
          ],
          [
            -119.2117848468349,
            40.78856802186326
          ],
          [
            -119.21172711618256,
            40.78873968222954
          ]
        ]
      }
    },
    {
      "type": "Feature",
      "properties": {
        "name": "H",
        "kind": "annular",
        "street_status": "autofilled"
      },
      "geometry": {
        "type": "LineString",
        "coordinates": [
          [
            -119.22144143129259,
            40.786963143976585
          ],
          [
            -119.22143820435873,
            40.787225685829426
          ],
          [
            -119.22142854147258,
            40.78748806994771
          ],
          [
            -119.22141244844357,
            40.78775013858383
          ],
          [
            -119.22138993494697,
            40.78801173417987
          ],
          [
            -119.22136101451808,
            40.788272699462276
          ],
          [
            -119.22132570454413,
            40.78853287753647
          ],
          [
            -119.22128402625374,
            40.78879211198114
          ]
        ]
      }
    },
    {
      "type": "Feature",
      "properties": {
        "name": "7:45",
        "kind": "path",
        "street_status": "autofilled"
      },
      "geometry": {
        "type": "LineString",
        "coordinates": [
          [
            -119.22028153623795,
            40.788691887499716
          ],
          [
            -119.22128402625374,
            40.78879211198114
          ]
        ]
      }
    },
    {
      "type": "Feature",
      "properties": {
        "name": "I",
        "kind": "annular",
        "street_status": "autofilled"
      },
      "geometry": {
        "type": "LineString",
        "coordinates": [
          [
            -119.22245252144286,
            40.78696304204898
          ],
          [
            -119.22244912158399,
            40.787239983729336
          ],
          [
            -119.22243893275254,
            40.787516759122624
          ],
          [
            -119.22242196107413,
            40.787793201828016
          ],
          [
            -119.22239821675238,
            40.788069145644705
          ],
          [
            -119.22236771406267,
            40.78834442467183
          ],
          [
            -119.22233047134357,
            40.78861887340819
          ],
          [
            -119.22228651098588,
            40.78889232685179
          ]
        ]
      }
    },
    {
      "type": "Feature",
      "properties": {
        "name": "7:45",
        "kind": "path",
        "street_status": "autofilled"
      },
      "geometry": {
        "type": "LineString",
        "coordinates": [
          [
            -119.22128402625374,
            40.78879211198114
          ],
          [
            -119.22228651098588,
            40.78889232685179
          ]
        ]
      }
    },
    {
      "type": "Feature",
      "properties": {
        "name": "J",
        "kind": "annular",
        "street_status": "autofilled"
      },
      "geometry": {
        "type": "LineString",
        "coordinates": [
          [
            -119.22310250914873,
            40.786962971846016
          ],
          [
            -119.22309899735343,
            40.78724917053395
          ],
          [
            -119.22308846964535,
            40.78753519741791
          ],
          [
            -119.22307093235389,
            40.78782088053434
          ],
          [
            -119.22304639602272,
            40.788106048126366
          ],
          [
            -119.22301487540346,
            40.78839052874707
          ],
          [
            -119.2229763894468,
            40.78867415136252
          ],
          [
            -119.222930961291,
            40.788956745454655
          ]
        ]
      }
    },
    {
      "type": "Feature",
      "properties": {
        "name": "7:45",
        "kind": "path",
        "street_status": "autofilled"
      },
      "geometry": {
        "type": "LineString",
        "coordinates": [
          [
            -119.22228651098588,
            40.78889232685179
          ],
          [
            -119.222930961291,
            40.788956745454655
          ]
        ]
      }
    },
    {
      "type": "Feature",
      "properties": {
        "name": "K",
        "kind": "annular",
        "street_status": "autofilled"
      },
      "geometry": {
        "type": "LineString",
        "coordinates": [
          [
            -119.2237886107675,
            40.78696289377079
          ],
          [
            -119.22378583313557,
            40.78722187374031
          ],
          [
            -119.22377750007524,
            40.78748073477566
          ],
          [
            -119.22376361542236,
            40.78773935771979
          ],
          [
            -119.22374418556817,
            40.787997623525214
          ],
          [
            -119.22371921945653,
            40.788255413308875
          ],
          [
            -119.22368872857962,
            40.788512608406805
          ],
          [
            -119.22365272697282,
            40.788769090428794
          ],
          [
            -119.22361123120811,
            40.78902474131286
          ]
        ]
      }
    },
    {
      "type": "Feature",
      "properties": {
        "name": "7:45",
        "kind": "path",
        "street_status": "autofilled"
      },
      "geometry": {
        "type": "LineString",
        "coordinates": [
          [
            -119.222930961291,
            40.788956745454655
          ],
          [
            -119.22361123120811,
            40.78902474131286
          ]
        ]
      }
    },
    {
      "type": "Feature",
      "properties": {
        "name": "A",
        "kind": "annular",
        "street_status": "autofilled"
      },
      "geometry": {
        "type": "LineString",
        "coordinates": [
          [
            -119.2136054871561,
            40.78696363355126
          ],
          [
            -119.21360220806443,
            40.787156896063884
          ],
          [
            -119.2135929598791,
            40.78734996530273
          ],
          [
            -119.21357775142907,
            40.78754265695022
          ],
          [
            -119.21355659723345,
            40.787734787049274
          ],
          [
            -119.21352951748747,
            40.7879261721789
          ],
          [
            -119.21349653804342,
            40.7881166296293
          ],
          [
            -119.2134576903858,
            40.78830597757632
          ],
          [
            -119.21341301160132,
            40.788494035255
          ],
          [
            -119.21336254434351,
            40.788680623132166
          ],
          [
            -119.21330633679202,
            40.78886556307784
          ],
          [
            -119.21324444260651,
            40.789048678535245
          ]
        ]
      }
    },
    {
      "type": "Feature",
      "properties": {
        "name": "8:00",
        "kind": "avenue",
        "street_status": "autofilled"
      },
      "geometry": {
        "type": "LineString",
        "coordinates": [
          [
            -119.21172711618256,
            40.78873968222954
          ],
          [
            -119.21324444260651,
            40.789048678535245
          ]
        ]
      }
    },
    {
      "type": "Feature",
      "properties": {
        "name": "B",
        "kind": "annular",
        "street_status": "autofilled"
      },
      "geometry": {
        "type": "LineString",
        "coordinates": [
          [
            -119.21461657616588,
            40.78696360027832
          ],
          [
            -119.2146129875742,
            40.78717529990781
          ],
          [
            -119.21460286039752,
            40.78738678792597
          ],
          [
            -119.2145862043041,
            40.78759786242875
          ],
          [
            -119.21456303519524,
            40.787808321906915
          ],
          [
            -119.21453337519006,
            40.78801796543836
          ],
          [
            -119.21449725260452,
            40.78822659287992
          ],
          [
            -119.21445470192418,
            40.78843400505855
          ],
          [
            -119.2144057637715,
            40.78864000396131
          ],
          [
            -119.21435048486688,
            40.78884439292455
          ],
          [
            -119.21428891798419,
            40.78904697682159
          ],
          [
            -119.21422112190025,
            40.78924756224899
          ]
        ]
      }
    },
    {
      "type": "Feature",
      "properties": {
        "name": "8:00",
        "kind": "avenue",
        "street_status": "autofilled"
      },
      "geometry": {
        "type": "LineString",
        "coordinates": [
          [
            -119.21324444260651,
            40.789048678535245
          ],
          [
            -119.21422112190025,
            40.78924756224899
          ]
        ]
      }
    },
    {
      "type": "Feature",
      "properties": {
        "name": "C",
        "kind": "annular",
        "street_status": "autofilled"
      },
      "geometry": {
        "type": "LineString",
        "coordinates": [
          [
            -119.21562766280206,
            40.78696355814684
          ],
          [
            -119.2156237654972,
            40.787193694833775
          ],
          [
            -119.21561276010975,
            40.78742360159581
          ],
          [
            -119.21559465714648,
            40.787653058942
          ],
          [
            -119.21556947389023,
            40.787881847810425
          ],
          [
            -119.21553723438335,
            40.78810974977739
          ],
          [
            -119.21549796940471,
            40.78833654726592
          ],
          [
            -119.21545171644044,
            40.788562023753464
          ],
          [
            -119.21539851964805,
            40.78878596397864
          ],
          [
            -119.21533842981425,
            40.789008154146714
          ],
          [
            -119.21527150430654,
            40.789228382133736
          ],
          [
            -119.21519780701843,
            40.78944643768904
          ]
        ]
      }
    },
    {
      "type": "Feature",
      "properties": {
        "name": "8:00",
        "kind": "avenue",
        "street_status": "autofilled"
      },
      "geometry": {
        "type": "LineString",
        "coordinates": [
          [
            -119.21422112190025,
            40.78924756224899
          ],
          [
            -119.21519780701843,
            40.78944643768904
          ]
        ]
      }
    },
    {
      "type": "Feature",
      "properties": {
        "name": "D",
        "kind": "annular",
        "street_status": "autofilled"
      },
      "geometry": {
        "type": "LineString",
        "coordinates": [
          [
            -119.21663875654193,
            40.786963507156365
          ],
          [
            -119.21663519460978,
            40.78719137272697
          ],
          [
            -119.21662518077045,
            40.78741904632491
          ],
          [
            -119.21660872305733,
            40.78764634530359
          ],
          [
            -119.2165858346733,
            40.78787308731699
          ],
          [
            -119.21655653398008,
            40.78809909046584
          ],
          [
            -119.21652084448358,
            40.78832417344367
          ],
          [
            -119.21647879481499,
            40.78854815568217
          ],
          [
            -119.2164304187078,
            40.78877085749607
          ],
          [
            -119.21637575497077,
            40.78899210022731
          ],
          [
            -119.2163148474568,
            40.78921170638834
          ],
          [
            -119.21624774502772,
            40.789429499804534
          ],
          [
            -119.21617450151511,
            40.78964530575548
          ]
        ]
      }
    },
    {
      "type": "Feature",
      "properties": {
        "name": "8:00",
        "kind": "avenue",
        "street_status": "autofilled"
      },
      "geometry": {
        "type": "LineString",
        "coordinates": [
          [
            -119.21519780701843,
            40.78944643768904
          ],
          [
            -119.21617450151511,
            40.78964530575548
          ]
        ]
      }
    },
    {
      "type": "Feature",
      "properties": {
        "name": "E",
        "kind": "annular",
        "street_status": "autofilled"
      },
      "geometry": {
        "type": "LineString",
        "coordinates": [
          [
            -119.21766790190426,
            40.78696344615816
          ],
          [
            -119.21766407479302,
            40.787208514679314
          ],
          [
            -119.21765330863319,
            40.787453376838286
          ],
          [
            -119.21763561206184,
            40.787697836196706
          ],
          [
            -119.21761099927588,
            40.78794169663932
          ],
          [
            -119.21757949002067,
            40.78818476253137
          ],
          [
            -119.21754110957424,
            40.78842683887552
          ],
          [
            -119.21749588872692,
            40.788667731468266
          ],
          [
            -119.21744386375674,
            40.78890724705577
          ],
          [
            -119.21738507640023,
            40.789145193488885
          ],
          [
            -119.217319573819,
            40.78938137987731
          ],
          [
            -119.21724740856189,
            40.789615616742715
          ],
          [
            -119.21716863852279,
            40.789847716170755
          ]
        ]
      }
    },
    {
      "type": "Feature",
      "properties": {
        "name": "8:00",
        "kind": "avenue",
        "street_status": "autofilled"
      },
      "geometry": {
        "type": "LineString",
        "coordinates": [
          [
            -119.21617450151511,
            40.78964530575548
          ],
          [
            -119.21716863852279,
            40.789847716170755
          ]
        ]
      }
    },
    {
      "type": "Feature",
      "properties": {
        "name": "F",
        "kind": "annular",
        "street_status": "autofilled"
      },
      "geometry": {
        "type": "LineString",
        "coordinates": [
          [
            -119.21927906581918,
            40.78859165610705
          ],
          [
            -119.2192357685637,
            40.78882426495952
          ],
          [
            -119.21918691691036,
            40.78905577125183
          ],
          [
            -119.21913253884298,
            40.78928604236943
          ],
          [
            -119.21907266551118,
            40.7895149464053
          ],
          [
            -119.2190073312124,
            40.78974235223553
          ],
          [
            -119.2189365733723,
            40.78996812959445
          ],
          [
            -119.21886043252336,
            40.79019214914921
          ]
        ]
      }
    },
    {
      "type": "Feature",
      "properties": {
        "name": "8:00",
        "kind": "avenue",
        "street_status": "autofilled"
      },
      "geometry": {
        "type": "LineString",
        "coordinates": [
          [
            -119.21716863852279,
            40.789847716170755
          ],
          [
            -119.21886043252336,
            40.79019214914921
          ]
        ]
      }
    },
    {
      "type": "Feature",
      "properties": {
        "name": "G",
        "kind": "annular",
        "street_status": "autofilled"
      },
      "geometry": {
        "type": "LineString",
        "coordinates": [
          [
            -119.22028153623795,
            40.788691887499716
          ],
          [
            -119.22023557633752,
            40.788938826850675
          ],
          [
            -119.22018371978291,
            40.78918459581724
          ],
          [
            -119.2201259962799,
            40.78942905361178
          ],
          [
            -119.22006243889516,
            40.78967206019775
          ],
          [
            -119.21999308403723,
            40.78991347636995
          ],
          [
            -119.21991797143573,
            40.79015316383423
          ],
          [
            -119.21983714411859,
            40.79039098528673
          ]
        ]
      }
    },
    {
      "type": "Feature",
      "properties": {
        "name": "8:00",
        "kind": "avenue",
        "street_status": "autofilled"
      },
      "geometry": {
        "type": "LineString",
        "coordinates": [
          [
            -119.21886043252336,
            40.79019214914921
          ],
          [
            -119.21983714411859,
            40.79039098528673
          ]
        ]
      }
    },
    {
      "type": "Feature",
      "properties": {
        "name": "ESP",
        "kind": "annular",
        "street_status": "autofilled"
      },
      "geometry": {
        "type": "LineString",
        "coordinates": [
          [
            -119.21172711618256,
            40.78873968222954
          ],
          [
            -119.21166063559666,
            40.788916850131436
          ],
          [
            -119.21158867722154,
            40.78909186499646
          ],
          [
            -119.21151131067604,
            40.78926455749986
          ],
          [
            -119.21142861081134,
            40.78943476056377
          ],
          [
            -119.21134065763857,
            40.789602309518806
          ],
          [
            -119.2112475362513,
            40.789767042263406
          ],
          [
            -119.21114933674338,
            40.78992879942066
          ],
          [
            -119.21104615412159,
            40.79008742449249
          ],
          [
            -119.21093808821387,
            40.790242764011104
          ],
          [
            -119.21082524357267,
            40.7903946676874
          ]
        ]
      }
    },
    {
      "type": "Feature",
      "properties": {
        "name": "H",
        "kind": "annular",
        "street_status": "autofilled"
      },
      "geometry": {
        "type": "LineString",
        "coordinates": [
          [
            -119.22128402625374,
            40.78879211198114
          ],
          [
            -119.22123540240888,
            40.789053381855915
          ],
          [
            -119.22118053965525,
            40.78931341349136
          ],
          [
            -119.2211194694213,
            40.78957205792686
          ],
          [
            -119.22105222669147,
            40.78982916699648
          ],
          [
            -119.22097884998611,
            40.79008459341385
          ],
          [
            -119.22089938133949,
            40.790338190856474
          ],
          [
            -119.2208138662757,
            40.790589814049625
          ]
        ]
      }
    },
    {
      "type": "Feature",
      "properties": {
        "name": "8:00",
        "kind": "avenue",
        "street_status": "autofilled"
      },
      "geometry": {
        "type": "LineString",
        "coordinates": [
          [
            -119.21983714411859,
            40.79039098528673
          ],
          [
            -119.2208138662757,
            40.790589814049625
          ]
        ]
      }
    },
    {
      "type": "Feature",
      "properties": {
        "name": "I",
        "kind": "annular",
        "street_status": "autofilled"
      },
      "geometry": {
        "type": "LineString",
        "coordinates": [
          [
            -119.22228651098588,
            40.78889232685179
          ],
          [
            -119.22223522501845,
            40.78916792745325
          ],
          [
            -119.22217735786708,
            40.78944222200079
          ],
          [
            -119.222112942682,
            40.78971505335993
          ],
          [
            -119.22204201636454,
            40.789986265234475
          ],
          [
            -119.22196461954611,
            40.79025570225595
          ],
          [
            -119.22188079656482,
            40.79052321007262
          ],
          [
            -119.22179059544015,
            40.79078863543796
          ]
        ]
      }
    },
    {
      "type": "Feature",
      "properties": {
        "name": "8:00",
        "kind": "avenue",
        "street_status": "autofilled"
      },
      "geometry": {
        "type": "LineString",
        "coordinates": [
          [
            -119.2208138662757,
            40.790589814049625
          ],
          [
            -119.22179059544015,
            40.79078863543796
          ]
        ]
      }
    },
    {
      "type": "Feature",
      "properties": {
        "name": "J",
        "kind": "annular",
        "street_status": "autofilled"
      },
      "geometry": {
        "type": "LineString",
        "coordinates": [
          [
            -119.222930961291,
            40.788956745454655
          ],
          [
            -119.22287796299194,
            40.789241558415625
          ],
          [
            -119.22281816348428,
            40.78952502170513
          ],
          [
            -119.2227515970256,
            40.78980697293443
          ],
          [
            -119.22267830175012,
            40.79008725058101
          ],
          [
            -119.22259831964676,
            40.7903656940811
          ],
          [
            -119.22251169653521,
            40.79064214392165
          ],
          [
            -119.22241848203959,
            40.79091644173176
          ]
        ]
      }
    },
    {
      "type": "Feature",
      "properties": {
        "name": "8:00",
        "kind": "avenue",
        "street_status": "autofilled"
      },
      "geometry": {
        "type": "LineString",
        "coordinates": [
          [
            -119.22179059544015,
            40.79078863543796
          ],
          [
            -119.22241848203959,
            40.79091644173176
          ]
        ]
      }
    },
    {
      "type": "Feature",
      "properties": {
        "name": "A",
        "kind": "annular",
        "street_status": "autofilled"
      },
      "geometry": {
        "type": "LineString",
        "coordinates": [
          [
            -119.21324444260651,
            40.789048678535245
          ],
          [
            -119.21319819478566,
            40.7891757186492
          ],
          [
            -119.2131492182913,
            40.789302166582104
          ],
          [
            -119.21309752622142,
            40.78942798847738
          ],
          [
            -119.21304313240144,
            40.78955315064588
          ],
          [
            -119.21298605138034,
            40.78967761957488
          ],
          [
            -119.2129262984269,
            40.78980136193716
          ],
          [
            -119.21286388952561,
            40.78992434459979
          ],
          [
            -119.21279884137232,
            40.790046534633106
          ],
          [
            -119.21273117136997,
            40.79016789931949
          ],
          [
            -119.21266089762365,
            40.790288406162176
          ],
          [
            -119.21258803893609,
            40.79040802289385
          ],
          [
            -119.21251261480242,
            40.79052671748544
          ],
          [
            -119.21243464540498,
            40.79064445815455
          ],
          [
            -119.2123541516081,
            40.790761213374175
          ],
          [
            -119.21227115495226,
            40.79087695188082
          ],
          [
            -119.21218567764858,
            40.79099164268327
          ]
        ]
      }
    },
    {
      "type": "Feature",
      "properties": {
        "name": "8:30",
        "kind": "avenue",
        "street_status": "autofilled"
      },
      "geometry": {
        "type": "LineString",
        "coordinates": [
          [
            -119.21082524357267,
            40.7903946676874
          ],
          [
            -119.21218567764858,
            40.79099164268327
          ]
        ]
      }
    },
    {
      "type": "Feature",
      "properties": {
        "name": "K",
        "kind": "annular",
        "street_status": "autofilled"
      },
      "geometry": {
        "type": "LineString",
        "coordinates": [
          [
            -119.22361123120811,
            40.78902474131286
          ],
          [
            -119.22355642686603,
            40.789319278713876
          ],
          [
            -119.22349458905376,
            40.789612420435276
          ],
          [
            -119.22342575319702,
            40.78990399854163
          ],
          [
            -119.22334995873062,
            40.79019384599328
          ],
          [
            -119.22326724907577,
            40.79048179674203
          ],
          [
            -119.2231776716153,
            40.79076768582624
          ],
          [
            -119.22308127766648,
            40.791051349465405
          ]
        ]
      }
    },
    {
      "type": "Feature",
      "properties": {
        "name": "8:00",
        "kind": "avenue",
        "street_status": "autofilled"
      },
      "geometry": {
        "type": "LineString",
        "coordinates": [
          [
            -119.22241848203959,
            40.79091644173176
          ],
          [
            -119.22308127766648,
            40.791051349465405
          ]
        ]
      }
    },
    {
      "type": "Feature",
      "properties": {
        "name": "B",
        "kind": "annular",
        "street_status": "autofilled"
      },
      "geometry": {
        "type": "LineString",
        "coordinates": [
          [
            -119.21422112190025,
            40.78924756224899
          ],
          [
            -119.21417046416148,
            40.78938672258804
          ],
          [
            -119.21411681739099,
            40.789525234277576
          ],
          [
            -119.21406019593422,
            40.789663060230595
          ],
          [
            -119.21400061493358,
            40.78980016354339
          ],
          [
            -119.21393809032412,
            40.78993650750555
          ],
          [
            -119.21387263882937,
            40.7900720556098
          ],
          [
            -119.21380427795684,
            40.79020677156167
          ],
          [
            -119.21373302599352,
            40.79034061928935
          ],
          [
            -119.21365890200067,
            40.79047356295326
          ],
          [
            -119.21358192580912,
            40.79060556695573
          ],
          [
            -119.21350211801366,
            40.790736595950435
          ],
          [
            -119.2134194999677,
            40.790866614851936
          ],
          [
            -119.21333409377756,
            40.79099558884509
          ],
          [
            -119.21324592229647,
            40.79112348339431
          ],
          [
            -119.21315500911862,
            40.7912502642529
          ],
          [
            -119.21306137857275,
            40.79137589747213
          ]
        ]
      }
    },
    {
      "type": "Feature",
      "properties": {
        "name": "8:30",
        "kind": "avenue",
        "street_status": "autofilled"
      },
      "geometry": {
        "type": "LineString",
        "coordinates": [
          [
            -119.21218567764858,
            40.79099164268327
          ],
          [
            -119.21306137857275,
            40.79137589747213
          ]
        ]
      }
    },
    {
      "type": "Feature",
      "properties": {
        "name": "F",
        "kind": "annular",
        "street_status": "autofilled"
      },
      "geometry": {
        "type": "LineString",
        "coordinates": [
          [
            -119.21886043252336,
            40.79019214914921
          ],
          [
            -119.21877715565745,
            40.79041937784448
          ],
          [
            -119.21868870289774,
            40.79064464240059
          ],
          [
            -119.21859512053314,
            40.790867824932704
          ],
          [
            -119.21849645753693,
            40.79108880864547
          ],
          [
            -119.21839276554114,
            40.79130747789428
          ],
          [
            -119.21828409880963,
            40.79152371824569
          ],
          [
            -119.21817051420959,
            40.79173741653736
          ]
        ]
      }
    },
    {
      "type": "Feature",
      "properties": {
        "name": "C",
        "kind": "annular",
        "street_status": "autofilled"
      },
      "geometry": {
        "type": "LineString",
        "coordinates": [
          [
            -119.21519780701843,
            40.78944643768904
          ],
          [
            -119.21514273929121,
            40.78959771819272
          ],
          [
            -119.2150844221706,
            40.78974829357758
          ],
          [
            -119.21502287124945,
            40.78989812352608
          ],
          [
            -119.2149581029868,
            40.790047167919965
          ],
          [
            -119.21489013470352,
            40.790195386851074
          ],
          [
            -119.2148189845777,
            40.790342740632
          ],
          [
            -119.21474467163976,
            40.790489189806735
          ],
          [
            -119.2146672157674,
            40.79063469516125
          ],
          [
            -119.21458663768024,
            40.790779217733935
          ],
          [
            -119.21450295893447,
            40.79092271882617
          ],
          [
            -119.21441620191686,
            40.79106516001252
          ],
          [
            -119.21432638983897,
            40.79120650315121
          ],
          [
            -119.21423354673077,
            40.79134671039415
          ],
          [
            -119.21413769743447,
            40.79148574419726
          ],
          [
            -119.2140388675977,
            40.791623567330426
          ],
          [
            -119.21393708366662,
            40.79176014288749
          ]
        ]
      }
    },
    {
      "type": "Feature",
      "properties": {
        "name": "8:30",
        "kind": "avenue",
        "street_status": "autofilled"
      },
      "geometry": {
        "type": "LineString",
        "coordinates": [
          [
            -119.21306137857275,
            40.79137589747213
          ],
          [
            -119.21393708366662,
            40.79176014288749
          ]
        ]
      }
    },
    {
      "type": "Feature",
      "properties": {
        "name": "ESP",
        "kind": "annular",
        "street_status": "autofilled"
      },
      "geometry": {
        "type": "LineString",
        "coordinates": [
          [
            -119.21082524357267,
            40.7903946676874
          ],
          [
            -119.21075033987685,
            40.79049144049069
          ],
          [
            -119.21067336280205,
            40.79058726877934
          ],
          [
            -119.21059433295133,
            40.79068212689377
          ],
          [
            -119.21051327147765,
            40.79077598943398
          ],
          [
            -119.2104302000783,
            40.790868831266515
          ],
          [
            -119.21034514098902,
            40.79096062753109
          ],
          [
            -119.21025811697804,
            40.791051353647276
          ],
          [
            -119.21016915134011,
            40.79114098532115
          ],
          [
            -119.21007826789007,
            40.791229498551694
          ],
          [
            -119.2099854909567,
            40.79131686963736
          ],
          [
            -119.20989084537601,
            40.7914030751823
          ],
          [
            -119.2097943564848,
            40.79148809210264
          ],
          [
            -119.20969605011362,
            40.79157189763281
          ],
          [
            -119.20959595258013,
            40.79165446933142
          ],
          [
            -119.20949409068182,
            40.7917357850875
          ],
          [
            -119.209390491689,
            40.79181582312627
          ]
        ]
      }
    },
    {
      "type": "Feature",
      "properties": {
        "name": "9:00",
        "kind": "avenue",
        "street_status": "autofilled"
      },
      "geometry": {
        "type": "LineString",
        "coordinates": [
          [
            -119.20300709634066,
            40.786963449220146
          ],
          [
            -119.209390491689,
            40.79181582312627
          ]
        ]
      }
    },
    {
      "type": "Feature",
      "properties": {
        "name": "12:00",
        "kind": "avenue",
        "street_status": "autofilled"
      },
      "geometry": {
        "type": "LineString",
        "coordinates": [
          [
            -119.20300709634066,
            40.786963449220146
          ],
          [
            -119.19662198591321,
            40.79181550367416
          ]
        ]
      }
    },
    {
      "type": "Feature",
      "properties": {
        "name": "G",
        "kind": "annular",
        "street_status": "autofilled"
      },
      "geometry": {
        "type": "LineString",
        "coordinates": [
          [
            -119.21983714411859,
            40.79039098528673
          ],
          [
            -119.21974873955737,
            40.79063221319483
          ],
          [
            -119.21965484015152,
            40.790871355993765
          ],
          [
            -119.21955549504149,
            40.79110828853267
          ],
          [
            -119.21945075621767,
            40.79134288681739
          ],
          [
            -119.21934067849313,
            40.79157502807534
          ],
          [
            -119.21922531947499,
            40.7918045908198
          ],
          [
            -119.21910473953417,
            40.792031454913456
          ]
        ]
      }
    },
    {
      "type": "Feature",
      "properties": {
        "name": "8:15",
        "kind": "path",
        "street_status": "autofilled"
      },
      "geometry": {
        "type": "LineString",
        "coordinates": [
          [
            -119.21817051420959,
            40.79173741653736
          ],
          [
            -119.21910473953417,
            40.792031454913456
          ]
        ]
      }
    },
    {
      "type": "Feature",
      "properties": {
        "name": "D",
        "kind": "annular",
        "street_status": "autofilled"
      },
      "geometry": {
        "type": "LineString",
        "coordinates": [
          [
            -119.21617450151511,
            40.78964530575548
          ],
          [
            -119.21611502420656,
            40.78980870654573
          ],
          [
            -119.21605203713577,
            40.78997134575292
          ],
          [
            -119.21598555714247,
            40.790133179828864
          ],
          [
            -119.21591560200216,
            40.790294165440685
          ],
          [
            -119.2158421904211,
            40.790454259482374
          ],
          [
            -119.21576534203156,
            40.790613419086306
          ],
          [
            -119.21568507738652,
            40.79077160163481
          ],
          [
            -119.21560141795412,
            40.79092876477153
          ],
          [
            -119.21551438611208,
            40.791084866412774
          ],
          [
            -119.21542400514149,
            40.79123986475877
          ],
          [
            -119.21533029922095,
            40.79139371830491
          ],
          [
            -119.21523329341969,
            40.79154638585289
          ],
          [
            -119.2151330136913,
            40.79169782652166
          ],
          [
            -119.2150294868665,
            40.79184799975844
          ],
          [
            -119.21492274064607,
            40.79199686534958
          ],
          [
            -119.21481280359355,
            40.792144383431335
          ]
        ]
      }
    },
    {
      "type": "Feature",
      "properties": {
        "name": "8:30",
        "kind": "avenue",
        "street_status": "autofilled"
      },
      "geometry": {
        "type": "LineString",
        "coordinates": [
          [
            -119.21393708366662,
            40.79176014288749
          ],
          [
            -119.21481280359355,
            40.792144383431335
          ]
        ]
      }
    },
    {
      "type": "Feature",
      "properties": {
        "name": "H",
        "kind": "annular",
        "street_status": "autofilled"
      },
      "geometry": {
        "type": "LineString",
        "coordinates": [
          [
            -119.2208138662757,
            40.790589814049625
          ],
          [
            -119.22072033476834,
            40.79084504149649
          ],
          [
            -119.22062098944382,
            40.79109806287572
          ],
          [
            -119.22051588229408,
            40.79134874576965
          ],
          [
            -119.22040506832654,
            40.79159695898448
          ],
          [
            -119.2202886055352,
            40.791842572618876
          ],
          [
            -119.22016655487037,
            40.79208545813197
          ],
          [
            -119.22003898020672,
            40.79232548841069
          ]
        ]
      }
    },
    {
      "type": "Feature",
      "properties": {
        "name": "8:15",
        "kind": "path",
        "street_status": "autofilled"
      },
      "geometry": {
        "type": "LineString",
        "coordinates": [
          [
            -119.21910473953417,
            40.792031454913456
          ],
          [
            -119.22003898020672,
            40.79232548841069
          ]
        ]
      }
    },
    {
      "type": "Feature",
      "properties": {
        "name": "E",
        "kind": "annular",
        "street_status": "autofilled"
      },
      "geometry": {
        "type": "LineString",
        "coordinates": [
          [
            -119.21716863852279,
            40.789847716170755
          ],
          [
            -119.2171046734838,
            40.790023453753534
          ],
          [
            -119.21703693365815,
            40.79019837228813
          ],
          [
            -119.2169654371543,
            40.790372424938006
          ],
          [
            -119.21689020308717,
            40.79054556509816
          ],
          [
            -119.21681125157284,
            40.79071774640746
          ],
          [
            -119.21672860372335,
            40.79088892276131
          ],
          [
            -119.21664228164099,
            40.791059048323774
          ],
          [
            -119.21655230841236,
            40.791228077539955
          ],
          [
            -119.21645870810241,
            40.79139596514818
          ],
          [
            -119.21636150574778,
            40.79156266619213
          ],
          [
            -119.21626072735026,
            40.79172813603288
          ],
          [
            -119.2161563998699,
            40.791892330360945
          ],
          [
            -119.21604855121763,
            40.79205520520797
          ],
          [
            -119.21593721024797,
            40.79221671695864
          ],
          [
            -119.2158224067513,
            40.79237682236241
          ],
          [
            -119.21570417144586,
            40.79253547854495
          ]
        ]
      }
    },
    {
      "type": "Feature",
      "properties": {
        "name": "8:30",
        "kind": "avenue",
        "street_status": "autofilled"
      },
      "geometry": {
        "type": "LineString",
        "coordinates": [
          [
            -119.21481280359355,
            40.792144383431335
          ],
          [
            -119.21570417144586,
            40.79253547854495
          ]
        ]
      }
    },
    {
      "type": "Feature",
      "properties": {
        "name": "I",
        "kind": "annular",
        "street_status": "autofilled"
      },
      "geometry": {
        "type": "LineString",
        "coordinates": [
          [
            -119.22179059544015,
            40.79078863543796
          ],
          [
            -119.22169193717536,
            40.79105786238823
          ],
          [
            -119.22158714611666,
            40.79132476231475
          ],
          [
            -119.22147627710743,
            40.79158919553286
          ],
          [
            -119.22135938817206,
            40.791851023648846
          ],
          [
            -119.22123654048552,
            40.792110109632425
          ],
          [
            -119.22110779834134,
            40.79236631788843
          ],
          [
            -119.22097322911794,
            40.79261951432778
          ]
        ]
      }
    },
    {
      "type": "Feature",
      "properties": {
        "name": "8:15",
        "kind": "path",
        "street_status": "autofilled"
      },
      "geometry": {
        "type": "LineString",
        "coordinates": [
          [
            -119.22003898020672,
            40.79232548841069
          ],
          [
            -119.22097322911794,
            40.79261951432778
          ]
        ]
      }
    },
    {
      "type": "Feature",
      "properties": {
        "name": "A",
        "kind": "annular",
        "street_status": "autofilled"
      },
      "geometry": {
        "type": "LineString",
        "coordinates": [
          [
            -119.21218567764858,
            40.79099164268327
          ],
          [
            -119.21209774267798,
            40.79110525515305
          ],
          [
            -119.21200737346686,
            40.791217758786345
          ],
          [
            -119.21191459420155,
            40.79132912345758
          ],
          [
            -119.21181942971408,
            40.79143931934602
          ],
          [
            -119.21172190547563,
            40.791548316943725
          ],
          [
            -119.21162204758954,
            40.79165608706353
          ],
          [
            -119.21151988278459,
            40.791762600846795
          ],
          [
            -119.21141543840764,
            40.7918678297712
          ],
          [
            -119.21130874241626,
            40.79197174565829
          ],
          [
            -119.21119982337156,
            40.79207432068115
          ],
          [
            -119.21108871043019,
            40.79217552737176
          ],
          [
            -119.21097543333678,
            40.79227533862845
          ],
          [
            -119.2108600224159,
            40.79237372772301
          ],
          [
            -119.21074250856387,
            40.79247066830807
          ],
          [
            -119.21062292324069,
            40.79256613442393
          ],
          [
            -119.21050129846138,
            40.79266010050571
          ]
        ]
      }
    },
    {
      "type": "Feature",
      "properties": {
        "name": "9:00",
        "kind": "avenue",
        "street_status": "autofilled"
      },
      "geometry": {
        "type": "LineString",
        "coordinates": [
          [
            -119.209390491689,
            40.79181582312627
          ],
          [
            -119.21050129846138,
            40.79266010050571
          ]
        ]
      }
    },
    {
      "type": "Feature",
      "properties": {
        "name": "J",
        "kind": "annular",
        "street_status": "autofilled"
      },
      "geometry": {
        "type": "LineString",
        "coordinates": [
          [
            -119.22241848203959,
            40.79091644173176
          ],
          [
            -119.22231652916798,
            40.79119466842458
          ],
          [
            -119.22220823843307,
            40.79147049035843
          ],
          [
            -119.22209366651099,
            40.79174376317643
          ],
          [
            -119.22197287336516,
            40.79201434385583
          ],
          [
            -119.22184592221512,
            40.79228209078288
          ],
          [
            -119.22171287950326,
            40.79254686382689
          ],
          [
            -119.22157381486011,
            40.792808524413665
          ]
        ]
      }
    },
    {
      "type": "Feature",
      "properties": {
        "name": "8:15",
        "kind": "path",
        "street_status": "autofilled"
      },
      "geometry": {
        "type": "LineString",
        "coordinates": [
          [
            -119.22097322911794,
            40.79261951432778
          ],
          [
            -119.22157381486011,
            40.792808524413665
          ]
        ]
      }
    },
    {
      "type": "Feature",
      "properties": {
        "name": "ESP",
        "kind": "annular",
        "street_status": "autofilled"
      },
      "geometry": {
        "type": "LineString",
        "coordinates": [
          [
            -119.209390491689,
            40.79181582312627
          ],
          [
            -119.20919611454225,
            40.79195840345747
          ],
          [
            -119.20899806523826,
            40.79209583726861
          ],
          [
            -119.20879648001512,
            40.79222803001896
          ],
          [
            -119.20859149754334,
            40.79235489077312
          ],
          [
            -119.20838325883035,
            40.79247633226357
          ],
          [
            -119.2081719071236,
            40.79259227095071
          ],
          [
            -119.20795758781189,
            40.79270262708031
          ],
          [
            -119.20774044832554,
            40.792807324738384
          ],
          [
            -119.20752063803478,
            40.7929062919034
          ]
        ]
      }
    },
    {
      "type": "Feature",
      "properties": {
        "name": "K",
        "kind": "annular",
        "street_status": "autofilled"
      },
      "geometry": {
        "type": "LineString",
        "coordinates": [
          [
            -119.22308127766648,
            40.791051349465405
          ],
          [
            -119.22297584618437,
            40.79133907607391
          ],
          [
            -119.22286386037489,
            40.79162431584816
          ],
          [
            -119.22274537884907,
            40.791906919499525
          ],
          [
            -119.22262046361776,
            40.79218673911904
          ],
          [
            -119.222489180059,
            40.79246362825488
          ],
          [
            -119.2223515968839,
            40.79273744198894
          ],
          [
            -119.22220778610068,
            40.793008037012726
          ]
        ]
      }
    },
    {
      "type": "Feature",
      "properties": {
        "name": "8:15",
        "kind": "path",
        "street_status": "autofilled"
      },
      "geometry": {
        "type": "LineString",
        "coordinates": [
          [
            -119.22157381486011,
            40.792808524413665
          ],
          [
            -119.22220778610068,
            40.793008037012726
          ]
        ]
      }
    },
    {
      "type": "Feature",
      "properties": {
        "name": "F",
        "kind": "annular",
        "street_status": "autofilled"
      },
      "geometry": {
        "type": "LineString",
        "coordinates": [
          [
            -119.21817051420959,
            40.79173741653736
          ],
          [
            -119.21804854502327,
            40.79195502015622
          ],
          [
            -119.21792191974565,
            40.792169947865155
          ],
          [
            -119.21779069706638,
            40.79238210004714
          ],
          [
            -119.21765493780595,
            40.792591378371625
          ],
          [
            -119.2175147048875,
            40.792797685840036
          ],
          [
            -119.21737006330773,
            40.79300092683078
          ],
          [
            -119.21722108010664,
            40.79320100714353
          ]
        ]
      }
    },
    {
      "type": "Feature",
      "properties": {
        "name": "8:30",
        "kind": "avenue",
        "street_status": "autofilled"
      },
      "geometry": {
        "type": "LineString",
        "coordinates": [
          [
            -119.21570417144586,
            40.79253547854495
          ],
          [
            -119.21722108010664,
            40.79320100714353
          ]
        ]
      }
    },
    {
      "type": "Feature",
      "properties": {
        "name": "B",
        "kind": "annular",
        "street_status": "autofilled"
      },
      "geometry": {
        "type": "LineString",
        "coordinates": [
          [
            -119.21306137857275,
            40.79137589747213
          ],
          [
            -119.2129650555088,
            40.791500349272106
          ],
          [
            -119.21286606591555,
            40.791623586463594
          ],
          [
            -119.21276443628578,
            40.791745576046246
          ],
          [
            -119.21266019381947,
            40.79186628535366
          ],
          [
            -119.21255336641688,
            40.79198568206207
          ],
          [
            -119.2124439826708,
            40.79210373419907
          ],
          [
            -119.21233207185912,
            40.79222041015206
          ],
          [
            -119.21221766393685,
            40.79233567867689
          ],
          [
            -119.21210078952822,
            40.792449508906074
          ],
          [
            -119.21198147991838,
            40.79256187035716
          ],
          [
            -119.21185976704518,
            40.79267273294087
          ],
          [
            -119.21173568349046,
            40.792782066969124
          ],
          [
            -119.21160926247136,
            40.79288984316308
          ],
          [
            -119.21148053783159,
            40.792996032660895
          ],
          [
            -119.21134954403212,
            40.7931006070255
          ],
          [
            -119.21121631614218,
            40.79320353825227
          ]
        ]
      }
    },
    {
      "type": "Feature",
      "properties": {
        "name": "9:00",
        "kind": "avenue",
        "street_status": "autofilled"
      },
      "geometry": {
        "type": "LineString",
        "coordinates": [
          [
            -119.21050129846138,
            40.79266010050571
          ],
          [
            -119.21121631614218,
            40.79320353825227
          ]
        ]
      }
    },
    {
      "type": "Feature",
      "properties": {
        "name": "G",
        "kind": "annular",
        "street_status": "autofilled"
      },
      "geometry": {
        "type": "LineString",
        "coordinates": [
          [
            -119.21910473953417,
            40.792031454913456
          ],
          [
            -119.21897525947658,
            40.79226246553262
          ],
          [
            -119.2188408363687,
            40.79249063540636
          ],
          [
            -119.21870153251656,
            40.7927158587763
          ],
          [
            -119.21855741248854,
            40.79293803124979
          ],
          [
            -119.21840854308527,
            40.79315704984832
          ],
          [
            -119.2182549933088,
            40.79337281305521
          ],
          [
            -119.21809683433052,
            40.793585220862674
          ]
        ]
      }
    },
    {
      "type": "Feature",
      "properties": {
        "name": "8:30",
        "kind": "avenue",
        "street_status": "autofilled"
      },
      "geometry": {
        "type": "LineString",
        "coordinates": [
          [
            -119.21722108010664,
            40.79320100714353
          ],
          [
            -119.21809683433052,
            40.793585220862674
          ]
        ]
      }
    },
    {
      "type": "Feature",
      "properties": {
        "name": "ESP",
        "kind": "annular",
        "street_status": "autofilled"
      },
      "geometry": {
        "type": "LineString",
        "coordinates": [
          [
            -119.20752063803478,
            40.7929062919034
          ],
          [
            -119.20728650492536,
            40.79300508581665
          ],
          [
            -119.2070501075214,
            40.79309833127214
          ],
          [
            -119.20681157729332,
            40.79318597641221
          ],
          [
            -119.20657104689766,
            40.79326797249375
          ],
          [
            -119.20632865010337,
            40.79334427391535
          ],
          [
            -119.20608452171737,
            40.793414838242605
          ],
          [
            -119.2058387975096,
            40.79347962623177
          ],
          [
            -119.20559161413749,
            40.793538601851566
          ],
          [
            -119.20534310906996,
            40.793591732303184
          ]
        ]
      }
    },
    {
      "type": "Feature",
      "properties": {
        "name": "C",
        "kind": "annular",
        "street_status": "autofilled"
      },
      "geometry": {
        "type": "LineString",
        "coordinates": [
          [
            -119.21393708366662,
            40.79176014288749
          ],
          [
            -119.21383237300807,
            40.791895434227435
          ],
          [
            -119.21372476351873,
            40.79202940519295
          ],
          [
            -119.21361428399723,
            40.792162019908794
          ],
          [
            -119.21350096401144,
            40.79229324286273
          ],
          [
            -119.21338483389033,
            40.792423038914976
          ],
          [
            -119.21326592471591,
            40.79255137330766
          ],
          [
            -119.21314426831503,
            40.79267821167415
          ],
          [
            -119.21301989725067,
            40.79280352004824
          ],
          [
            -119.21289284481344,
            40.79292726487324
          ],
          [
            -119.21276314501247,
            40.79304941301097
          ],
          [
            -119.21263083256652,
            40.7931699317507
          ],
          [
            -119.2124959428945,
            40.79328878881779
          ],
          [
            -119.2123585121061,
            40.79340595238252
          ],
          [
            -119.21221857699211,
            40.79352139106849
          ],
          [
            -119.21207617501462,
            40.79363507396099
          ],
          [
            -119.2119313442968,
            40.7937469706155
          ]
        ]
      }
    },
    {
      "type": "Feature",
      "properties": {
        "name": "9:00",
        "kind": "avenue",
        "street_status": "autofilled"
      },
      "geometry": {
        "type": "LineString",
        "coordinates": [
          [
            -119.21121631614218,
            40.79320353825227
          ],
          [
            -119.2119313442968,
            40.7937469706155
          ]
        ]
      }
    },
    {
      "type": "Feature",
      "properties": {
        "name": "A",
        "kind": "annular",
        "street_status": "autofilled"
      },
      "geometry": {
        "type": "LineString",
        "coordinates": [
          [
            -119.21050129846138,
            40.79266010050571
          ],
          [
            -119.21029611509495,
            40.792811022880244
          ],
          [
            -119.21008742676091,
            40.79295706023831
          ],
          [
            -119.20987534974529,
            40.79309813120447
          ],
          [
            -119.20966000222244,
            40.79323415717064
          ],
          [
            -119.20944150418904,
            40.79336506233993
          ],
          [
            -119.20921997739738,
            40.79349077376892
          ],
          [
            -119.20899554528742,
            40.79361122140823
          ],
          [
            -119.20876833291801,
            40.793726338141575
          ],
          [
            -119.20853846689724,
            40.793836059823214
          ],
          [
            -119.20830607531188,
            40.793940325313635
          ]
        ]
      }
    },
    {
      "type": "Feature",
      "properties": {
        "name": "9:30",
        "kind": "avenue",
        "street_status": "autofilled"
      },
      "geometry": {
        "type": "LineString",
        "coordinates": [
          [
            -119.20752063803478,
            40.7929062919034
          ],
          [
            -119.20830607531188,
            40.793940325313635
          ]
        ]
      }
    },
    {
      "type": "Feature",
      "properties": {
        "name": "H",
        "kind": "annular",
        "street_status": "autofilled"
      },
      "geometry": {
        "type": "LineString",
        "coordinates": [
          [
            -119.22003898020672,
            40.79232548841069
          ],
          [
            -119.2199019897576,
            40.79256990627743
          ],
          [
            -119.21975976928395,
            40.792811318567736
          ],
          [
            -119.2196123847083,
            40.79304961338134
          ],
          [
            -119.21945990434686,
            40.79328468026301
          ],
          [
            -119.21930239887787,
            40.79351641025372
          ],
          [
            -119.21913994130878,
            40.79374469594121
          ],
          [
            -119.21897260694253,
            40.79396943150967
          ]
        ]
      }
    },
    {
      "type": "Feature",
      "properties": {
        "name": "8:30",
        "kind": "avenue",
        "street_status": "autofilled"
      },
      "geometry": {
        "type": "LineString",
        "coordinates": [
          [
            -119.21809683433052,
            40.793585220862674
          ],
          [
            -119.21897260694253,
            40.79396943150967
          ]
        ]
      }
    },
    {
      "type": "Feature",
      "properties": {
        "name": "D",
        "kind": "annular",
        "street_status": "autofilled"
      },
      "geometry": {
        "type": "LineString",
        "coordinates": [
          [
            -119.21481280359355,
            40.792144383431335
          ],
          [
            -119.21469970538094,
            40.79229051445145
          ],
          [
            -119.21458347602425,
            40.79243521933146
          ],
          [
            -119.21446414662813,
            40.792578459321064
          ],
          [
            -119.21434174912797,
            40.79272019606202
          ],
          [
            -119.21421631628147,
            40.79286039159843
          ],
          [
            -119.21408788165975,
            40.79299900838684
          ],
          [
            -119.21395647963848,
            40.79313600930633
          ],
          [
            -119.21382214538858,
            40.79327135766856
          ],
          [
            -119.21368491486689,
            40.79340501722743
          ],
          [
            -119.21354482480655,
            40.7935369521889
          ],
          [
            -119.21340191270714,
            40.79366712722062
          ],
          [
            -119.21325621682466,
            40.79379550746131
          ],
          [
            -119.21310777616131,
            40.79392205853013
          ],
          [
            -119.21295663045498,
            40.79404674653593
          ],
          [
            -119.21280282016878,
            40.794169538086315
          ],
          [
            -119.21264638648002,
            40.79429040029659
          ]
        ]
      }
    },
    {
      "type": "Feature",
      "properties": {
        "name": "9:00",
        "kind": "avenue",
        "street_status": "autofilled"
      },
      "geometry": {
        "type": "LineString",
        "coordinates": [
          [
            -119.2119313442968,
            40.7937469706155
          ],
          [
            -119.21264638648002,
            40.79429040029659
          ]
        ]
      }
    },
    {
      "type": "Feature",
      "properties": {
        "name": "I",
        "kind": "annular",
        "street_status": "autofilled"
      },
      "geometry": {
        "type": "LineString",
        "coordinates": [
          [
            -119.22097322911794,
            40.79261951432778
          ],
          [
            -119.22082872714552,
            40.79287733899299
          ],
          [
            -119.22067870818783,
            40.7931319932286
          ],
          [
            -119.22052324178432,
            40.793383358992834
          ],
          [
            -119.22036239999947,
            40.793631319768224
          ],
          [
            -119.2201962573895,
            40.79387576061567
          ],
          [
            -119.22002489096774,
            40.79411656822765
          ],
          [
            -119.21984838016891,
            40.79435363098082
          ]
        ]
      }
    },
    {
      "type": "Feature",
      "properties": {
        "name": "8:30",
        "kind": "avenue",
        "street_status": "autofilled"
      },
      "geometry": {
        "type": "LineString",
        "coordinates": [
          [
            -119.21897260694253,
            40.79396943150967
          ],
          [
            -119.21984838016891,
            40.79435363098082
          ]
        ]
      }
    },
    {
      "type": "Feature",
      "properties": {
        "name": "F",
        "kind": "annular",
        "street_status": "autofilled"
      },
      "geometry": {
        "type": "LineString",
        "coordinates": [
          [
            -119.21722108010664,
            40.79320100714353
          ],
          [
            -119.21703572618456,
            40.793438589503126
          ],
          [
            -119.21684485814065,
            40.79367176516247
          ],
          [
            -119.21664858071757,
            40.793900406161725
          ],
          [
            -119.21644700162653,
            40.79412438702957
          ],
          [
            -119.21624023148807,
            40.794343584851994
          ],
          [
            -119.21602838377147,
            40.79455787933981
          ]
        ]
      }
    },
    {
      "type": "Feature",
      "properties": {
        "name": "J",
        "kind": "annular",
        "street_status": "autofilled"
      },
      "geometry": {
        "type": "LineString",
        "coordinates": [
          [
            -119.22157381486011,
            40.792808524413665
          ],
          [
            -119.2214244855757,
            40.793074968274965
          ],
          [
            -119.22126945480139,
            40.79333813575179
          ],
          [
            -119.22110879440149,
            40.79359790485318
          ],
          [
            -119.22094257884993,
            40.793854155163515
          ],
          [
            -119.2207708851957,
            40.79410676789829
          ],
          [
            -119.22059379302719,
            40.79435562595921
          ],
          [
            -119.22041138443524,
            40.79460061398842
          ]
        ]
      }
    },
    {
      "type": "Feature",
      "properties": {
        "name": "8:30",
        "kind": "avenue",
        "street_status": "autofilled"
      },
      "geometry": {
        "type": "LineString",
        "coordinates": [
          [
            -119.21984838016891,
            40.79435363098082
          ],
          [
            -119.22041138443524,
            40.79460061398842
          ]
        ]
      }
    },
    {
      "type": "Feature",
      "properties": {
        "name": "B",
        "kind": "annular",
        "street_status": "autofilled"
      },
      "geometry": {
        "type": "LineString",
        "coordinates": [
          [
            -119.21121631614218,
            40.79320353825227
          ],
          [
            -119.21108088988436,
            40.79330479878435
          ],
          [
            -119.21094330146124,
            40.79340436149712
          ],
          [
            -119.21080358770952,
            40.79350219972771
          ],
          [
            -119.21066178603562,
            40.79359828727482
          ],
          [
            -119.21051793440557,
            40.79369259840602
          ],
          [
            -119.21037207133486,
            40.793785107864416
          ],
          [
            -119.2102242358782,
            40.79387579087556
          ],
          [
            -119.21007446761887,
            40.79396462315396
          ],
          [
            -119.20992280665844,
            40.79405158090972
          ],
          [
            -119.2097692936057,
            40.79413664085488
          ],
          [
            -119.20961396956602,
            40.79421978020963
          ],
          [
            -119.20945687613012,
            40.794300976708364
          ],
          [
            -119.20929805536318,
            40.79438020860577
          ],
          [
            -119.20913754979335,
            40.79445745468265
          ],
          [
            -119.20897540240045,
            40.794532694251444
          ],
          [
            -119.20881165660455,
            40.794605907162
          ]
        ]
      }
    },
    {
      "type": "Feature",
      "properties": {
        "name": "9:30",
        "kind": "avenue",
        "street_status": "autofilled"
      },
      "geometry": {
        "type": "LineString",
        "coordinates": [
          [
            -119.20830607531188,
            40.793940325313635
          ],
          [
            -119.20881165660455,
            40.794605907162
          ]
        ]
      }
    },
    {
      "type": "Feature",
      "properties": {
        "name": "A",
        "kind": "annular",
        "street_status": "autofilled"
      },
      "geometry": {
        "type": "LineString",
        "coordinates": [
          [
            -119.20830607531188,
            40.793940325313635
          ],
          [
            -119.20803119957291,
            40.79405631168747
          ],
          [
            -119.20775366547728,
            40.79416578403589
          ],
          [
            -119.20747362737576,
            40.794268681475785
          ],
          [
            -119.2071912410117,
            40.79436494678066
          ],
          [
            -119.20690666343445,
            40.79445452641253
          ],
          [
            -119.20662005291203,
            40.79453737055161
          ],
          [
            -119.20633156884304,
            40.794613433124084
          ],
          [
            -119.20604137166808,
            40.794682671827715
          ],
          [
            -119.20574962278049,
            40.79474504815534
          ]
        ]
      }
    },
    {
      "type": "Feature",
      "properties": {
        "name": "10:00",
        "kind": "avenue",
        "street_status": "autofilled"
      },
      "geometry": {
        "type": "LineString",
        "coordinates": [
          [
            -119.20534310906996,
            40.793591732303184
          ],
          [
            -119.20574962278049,
            40.79474504815534
          ]
        ]
      }
    },
    {
      "type": "Feature",
      "properties": {
        "name": "E",
        "kind": "annular",
        "street_status": "autofilled"
      },
      "geometry": {
        "type": "LineString",
        "coordinates": [
          [
            -119.21570417144586,
            40.79253547854495
          ],
          [
            -119.21558253583315,
            40.79269264277436
          ],
          [
            -119.21545753260709,
            40.792848273208456
          ],
          [
            -119.21532919521925,
            40.793002328170445
          ],
          [
            -119.2151975580149,
            40.79315476640522
          ],
          [
            -119.2150626562236,
            40.793305547090256
          ],
          [
            -119.21492452594997,
            40.79345462984676
          ],
          [
            -119.2147832041639,
            40.79360197475027
          ],
          [
            -119.21463872869076,
            40.79374754234149
          ],
          [
            -119.2144911382012,
            40.7938912936369
          ],
          [
            -119.21434047220094,
            40.79403319013904
          ],
          [
            -119.21418677102007,
            40.79417319384704
          ],
          [
            -119.21403007580227,
            40.79431126726661
          ],
          [
            -119.21387042849389,
            40.79444737342023
          ],
          [
            -119.2137078718326,
            40.79458147585698
          ],
          [
            -119.2135424493361,
            40.79471353866237
          ],
          [
            -119.21337420529035,
            40.794843526467936
          ]
        ]
      }
    },
    {
      "type": "Feature",
      "properties": {
        "name": "9:00",
        "kind": "avenue",
        "street_status": "autofilled"
      },
      "geometry": {
        "type": "LineString",
        "coordinates": [
          [
            -119.21264638648002,
            40.79429040029659
          ],
          [
            -119.21337420529035,
            40.794843526467936
          ]
        ]
      }
    },
    {
      "type": "Feature",
      "properties": {
        "name": "K",
        "kind": "annular",
        "street_status": "autofilled"
      },
      "geometry": {
        "type": "LineString",
        "coordinates": [
          [
            -119.22220778610068,
            40.793008037012726
          ],
          [
            -119.22205335970663,
            40.79328357854732
          ],
          [
            -119.22189303708657,
            40.79355573182768
          ],
          [
            -119.22172689255932,
            40.793824370694956
          ],
          [
            -119.22155500314253,
            40.794089370619425
          ],
          [
            -119.22137744851693,
            40.79435060875823
          ],
          [
            -119.22119431098946,
            40.79460796401228
          ],
          [
            -119.22100567545493,
            40.79486131708248
          ]
        ]
      }
    },
    {
      "type": "Feature",
      "properties": {
        "name": "8:30",
        "kind": "avenue",
        "street_status": "autofilled"
      },
      "geometry": {
        "type": "LineString",
        "coordinates": [
          [
            -119.22041138443524,
            40.79460061398842
          ],
          [
            -119.22100567545493,
            40.79486131708248
          ]
        ]
      }
    },
    {
      "type": "Feature",
      "properties": {
        "name": "G",
        "kind": "annular",
        "street_status": "autofilled"
      },
      "geometry": {
        "type": "LineString",
        "coordinates": [
          [
            -119.21809683433052,
            40.793585220862674
          ],
          [
            -119.21792853438875,
            40.79380169318391
          ],
          [
            -119.21775592204084,
            40.79401474281653
          ],
          [
            -119.21757906688357,
            40.79422428385957
          ],
          [
            -119.21739804022442,
            40.7944302318267
          ],
          [
            -119.21721291505283,
            40.79463250368031
          ],
          [
            -119.21702376601066,
            40.794831017865
          ],
          [
            -119.21683066936225,
            40.79502569434044
          ]
        ]
      }
    },
    {
      "type": "Feature",
      "properties": {
        "name": "8:45",
        "kind": "path",
        "street_status": "autofilled"
      },
      "geometry": {
        "type": "LineString",
        "coordinates": [
          [
            -119.21602838377147,
            40.79455787933981
          ],
          [
            -119.21683066936225,
            40.79502569434044
          ]
        ]
      }
    },
    {
      "type": "Feature",
      "properties": {
        "name": "C",
        "kind": "annular",
        "street_status": "autofilled"
      },
      "geometry": {
        "type": "LineString",
        "coordinates": [
          [
            -119.2119313442968,
            40.7937469706155
          ],
          [
            -119.21178412358879,
            40.7938570510811
          ],
          [
            -119.21163455232922,
            40.793965285861695
          ],
          [
            -119.21148267056302,
            40.79407164597133
          ],
          [
            -119.21132851895459,
            40.79417610292586
          ],
          [
            -119.21117213877676,
            40.79427862875078
          ],
          [
            -119.21101357189973,
            40.794379195988505
          ],
          [
            -119.21085286077992,
            40.79447777770603
          ],
          [
            -119.21069004844863,
            40.79457434750182
          ],
          [
            -119.21052517850043,
            40.79466887951314
          ],
          [
            -119.21035829508152,
            40.79476134842291
          ],
          [
            -119.21018944287789,
            40.79485172946638
          ],
          [
            -119.2100186671034,
            40.79493999843795
          ],
          [
            -119.2098460134876,
            40.79502613169755
          ],
          [
            -119.2096715282635,
            40.795110106176985
          ],
          [
            -119.20949525815517,
            40.795191899386175
          ],
          [
            -119.2093172503653,
            40.79527148941913
          ]
        ]
      }
    },
    {
      "type": "Feature",
      "properties": {
        "name": "9:30",
        "kind": "avenue",
        "street_status": "autofilled"
      },
      "geometry": {
        "type": "LineString",
        "coordinates": [
          [
            -119.20881165660455,
            40.794605907162
          ],
          [
            -119.2093172503653,
            40.79527148941913
          ]
        ]
      }
    },
    {
      "type": "Feature",
      "properties": {
        "name": "B",
        "kind": "annular",
        "street_status": "autofilled"
      },
      "geometry": {
        "type": "LineString",
        "coordinates": [
          [
            -119.20881165660455,
            40.794605907162
          ],
          [
            -119.20854079920042,
            40.79472057480837
          ],
          [
            -119.2082675694213,
            40.79482946818323
          ],
          [
            -119.20799209035448,
            40.7949325382312
          ],
          [
            -119.2077144861006,
            40.79502973852021
          ],
          [
            -119.20743488171763,
            40.7951210252625
          ],
          [
            -119.20715340316461,
            40.79520635733429
          ],
          [
            -119.20687017724487,
            40.79528569629432
          ],
          [
            -119.2065853315489,
            40.795359006401156
          ],
          [
            -119.20629899439687,
            40.79542625462932
          ],
          [
            -119.2060112947809,
            40.79548741068415
          ]
        ]
      }
    },
    {
      "type": "Feature",
      "properties": {
        "name": "10:00",
        "kind": "avenue",
        "street_status": "autofilled"
      },
      "geometry": {
        "type": "LineString",
        "coordinates": [
          [
            -119.20574962278049,
            40.79474504815534
          ],
          [
            -119.2060112947809,
            40.79548741068415
          ]
        ]
      }
    },
    {
      "type": "Feature",
      "properties": {
        "name": "H",
        "kind": "annular",
        "street_status": "autofilled"
      },
      "geometry": {
        "type": "LineString",
        "coordinates": [
          [
            -119.21897260694253,
            40.79396943150967
          ],
          [
            -119.21879454110667,
            40.794198466749606
          ],
          [
            -119.21861191253163,
            40.794423880641844
          ],
          [
            -119.21842479485471,
            40.79464558229764
          ],
          [
            -119.21823326352336,
            40.79486348232504
          ],
          [
            -119.21803739576457,
            40.79507749286496
          ],
          [
            -119.21783727055387,
            40.79528752762655
          ],
          [
            -119.2176329685834,
            40.79549350192207
          ]
        ]
      }
    },
    {
      "type": "Feature",
      "properties": {
        "name": "8:45",
        "kind": "path",
        "street_status": "autofilled"
      },
      "geometry": {
        "type": "LineString",
        "coordinates": [
          [
            -119.21683066936225,
            40.79502569434044
          ],
          [
            -119.2176329685834,
            40.79549350192207
          ]
        ]
      }
    },
    {
      "type": "Feature",
      "properties": {
        "name": "F",
        "kind": "annular",
        "street_status": "autofilled"
      },
      "geometry": {
        "type": "LineString",
        "coordinates": [
          [
            -119.21602838377147,
            40.79455787933981
          ],
          [
            -119.21580378131569,
            40.79477505849382
          ],
          [
            -119.21557450065663,
            40.794987292836865
          ],
          [
            -119.2153406506437,
            40.79519448161219
          ],
          [
            -119.21510234229552,
            40.79539652645838
          ],
          [
            -119.21485968874731,
            40.795593331456054
          ],
          [
            -119.21461280519715,
            40.79578480317342
          ]
        ]
      }
    },
    {
      "type": "Feature",
      "properties": {
        "name": "9:00",
        "kind": "avenue",
        "street_status": "autofilled"
      },
      "geometry": {
        "type": "LineString",
        "coordinates": [
          [
            -119.21337420529035,
            40.794843526467936
          ],
          [
            -119.21461280519715,
            40.79578480317342
          ]
        ]
      }
    },
    {
      "type": "Feature",
      "properties": {
        "name": "D",
        "kind": "annular",
        "street_status": "autofilled"
      },
      "geometry": {
        "type": "LineString",
        "coordinates": [
          [
            -119.21264638648002,
            40.79429040029659
          ],
          [
            -119.21248737097667,
            40.79440930058754
          ],
          [
            -119.21232581652826,
            40.794526207323386
          ],
          [
            -119.21216176638819,
            40.794641089194904
          ],
          [
            -119.21199526447886,
            40.79475391543504
          ],
          [
            -119.21182635538004,
            40.7948646558271
          ],
          [
            -119.21165508431685,
            40.79497328071287
          ],
          [
            -119.21148149714762,
            40.795079761000494
          ],
          [
            -119.2113056403517,
            40.795184068172496
          ],
          [
            -119.21112756101694,
            40.79528617429313
          ],
          [
            -119.21094730682708,
            40.795386052016084
          ],
          [
            -119.2107649260491,
            40.795483674591736
          ],
          [
            -119.21058046752006,
            40.79557901587429
          ],
          [
            -119.21039398063414,
            40.79567205032889
          ],
          [
            -119.21020551532946,
            40.795762753038325
          ],
          [
            -119.21001512207467,
            40.79585109970986
          ],
          [
            -119.2098228518553,
            40.79593706668166
          ]
        ]
      }
    },
    {
      "type": "Feature",
      "properties": {
        "name": "9:30",
        "kind": "avenue",
        "street_status": "autofilled"
      },
      "geometry": {
        "type": "LineString",
        "coordinates": [
          [
            -119.2093172503653,
            40.79527148941913
          ],
          [
            -119.2098228518553,
            40.79593706668166
          ]
        ]
      }
    },
    {
      "type": "Feature",
      "properties": {
        "name": "I",
        "kind": "annular",
        "street_status": "autofilled"
      },
      "geometry": {
        "type": "LineString",
        "coordinates": [
          [
            -119.21984838016891,
            40.79435363098082
          ],
          [
            -119.21966055009858,
            40.794595230161065
          ],
          [
            -119.21946790690937,
            40.79483300934682
          ],
          [
            -119.21927052827944,
            40.795066872660094
          ],
          [
            -119.21906849379633,
            40.79529672580188
          ],
          [
            -119.21886188492493,
            40.79552247609017
          ],
          [
            -119.21865078497466,
            40.7957440324973
          ],
          [
            -119.21843527906582,
            40.795961305686696
          ]
        ]
      }
    },
    {
      "type": "Feature",
      "properties": {
        "name": "8:45",
        "kind": "path",
        "street_status": "autofilled"
      },
      "geometry": {
        "type": "LineString",
        "coordinates": [
          [
            -119.2176329685834,
            40.79549350192207
          ],
          [
            -119.21843527906582,
            40.795961305686696
          ]
        ]
      }
    },
    {
      "type": "Feature",
      "properties": {
        "name": "C",
        "kind": "annular",
        "street_status": "autofilled"
      },
      "geometry": {
        "type": "LineString",
        "coordinates": [
          [
            -119.2093172503653,
            40.79527148941913
          ],
          [
            -119.2090228007907,
            40.7953961449641
          ],
          [
            -119.20872577218762,
            40.79551452325695
          ],
          [
            -119.20842629836578,
            40.7956265709689
          ],
          [
            -119.20812451423659,
            40.79573223762305
          ],
          [
            -119.20782055575215,
            40.79583147561714
          ],
          [
            -119.20751455984411,
            40.795924240245
          ],
          [
            -119.207206664362,
            40.79601048971665
          ],
          [
            -119.20689700801107,
            40.79609018517717
          ],
          [
            -119.20658573028986,
            40.796163290724195
          ],
          [
            -119.20627297142728,
            40.79622977342405
          ]
        ]
      }
    },
    {
      "type": "Feature",
      "properties": {
        "name": "10:00",
        "kind": "avenue",
        "street_status": "autofilled"
      },
      "geometry": {
        "type": "LineString",
        "coordinates": [
          [
            -119.2060112947809,
            40.79548741068415
          ],
          [
            -119.20627297142728,
            40.79622977342405
          ]
        ]
      }
    },
    {
      "type": "Feature",
      "properties": {
        "name": "J",
        "kind": "annular",
        "street_status": "autofilled"
      },
      "geometry": {
        "type": "LineString",
        "coordinates": [
          [
            -119.22041138443524,
            40.79460061398842
          ],
          [
            -119.22021727663687,
            40.794850289728586
          ],
          [
            -119.22001819476833,
            40.795096017759704
          ],
          [
            -119.21981421910563,
            40.795337698996626
          ],
          [
            -119.21960543189806,
            40.79557523598598
          ],
          [
            -119.21939191733512,
            40.79580853294548
          ],
          [
            -119.21917376151247,
            40.79603749580256
          ],
          [
            -119.21895105239732,
            40.79626203223229
          ]
        ]
      }
    },
    {
      "type": "Feature",
      "properties": {
        "name": "8:45",
        "kind": "path",
        "street_status": "autofilled"
      },
      "geometry": {
        "type": "LineString",
        "coordinates": [
          [
            -119.21843527906582,
            40.795961305686696
          ],
          [
            -119.21895105239732,
            40.79626203223229
          ]
        ]
      }
    },
    {
      "type": "Feature",
      "properties": {
        "name": "G",
        "kind": "annular",
        "street_status": "autofilled"
      },
      "geometry": {
        "type": "LineString",
        "coordinates": [
          [
            -119.21683066936225,
            40.79502569434044
          ],
          [
            -119.21662660029499,
            40.79522363628696
          ],
          [
            -119.21641887033279,
            40.79541773279444
          ],
          [
            -119.2162075519328,
            40.795607916161096
          ],
          [
            -119.2159927188039,
            40.79579412005007
          ],
          [
            -119.21577444588091,
            40.79597627951257
          ],
          [
            -119.21555280929843,
            40.79615433101051
          ],
          [
            -119.21532788636438,
            40.79632821243868
          ]
        ]
      }
    },
    {
      "type": "Feature",
      "properties": {
        "name": "9:00",
        "kind": "avenue",
        "street_status": "autofilled"
      },
      "geometry": {
        "type": "LineString",
        "coordinates": [
          [
            -119.21461280519715,
            40.79578480317342
          ],
          [
            -119.21532788636438,
            40.79632821243868
          ]
        ]
      }
    },
    {
      "type": "Feature",
      "properties": {
        "name": "K",
        "kind": "annular",
        "street_status": "autofilled"
      },
      "geometry": {
        "type": "LineString",
        "coordinates": [
          [
            -119.22100567545493,
            40.79486131708248
          ],
          [
            -119.22080494237446,
            40.795119518761055
          ],
          [
            -119.22059906530401,
            40.79537363793452
          ],
          [
            -119.22038812726171,
            40.795623572131554
          ],
          [
            -119.22017221330648,
            40.79586922056838
          ],
          [
            -119.2199514105037,
            40.79611048418945
          ],
          [
            -119.21972580789017,
            40.79634726570732
          ],
          [
            -119.21949549643814,
            40.796579469641934
          ]
        ]
      }
    },
    {
      "type": "Feature",
      "properties": {
        "name": "8:45",
        "kind": "path",
        "street_status": "autofilled"
      },
      "geometry": {
        "type": "LineString",
        "coordinates": [
          [
            -119.21895105239732,
            40.79626203223229
          ],
          [
            -119.21949549643814,
            40.796579469641934
          ]
        ]
      }
    },
    {
      "type": "Feature",
      "properties": {
        "name": "E",
        "kind": "annular",
        "street_status": "autofilled"
      },
      "geometry": {
        "type": "LineString",
        "coordinates": [
          [
            -119.21337420529035,
            40.794843526467936
          ],
          [
            -119.2132031847322,
            40.794971404486425
          ],
          [
            -119.21302943345289,
            40.79509713844351
          ],
          [
            -119.21285299797142,
            40.79522069466506
          ],
          [
            -119.2126739255264,
            40.79534204006004
          ],
          [
            -119.21249226406354,
            40.795461142129355
          ],
          [
            -119.21230806222272,
            40.795577968974534
          ],
          [
            -119.21212136932493,
            40.79569248930629
          ],
          [
            -119.21193223535913,
            40.79580467245298
          ],
          [
            -119.2117407109689,
            40.79591448836867
          ],
          [
            -119.21154684743877,
            40.79602190764144
          ],
          [
            -119.21135069668047,
            40.79612690150098
          ],
          [
            -119.21115231121914,
            40.79622944182651
          ],
          [
            -119.21095174417924,
            40.796329501154254
          ],
          [
            -119.21074904927013,
            40.796427052684834
          ],
          [
            -119.21054428077191,
            40.79652207029043
          ],
          [
            -119.2103374935208,
            40.796614528521715
          ]
        ]
      }
    },
    {
      "type": "Feature",
      "properties": {
        "name": "9:30",
        "kind": "avenue",
        "street_status": "autofilled"
      },
      "geometry": {
        "type": "LineString",
        "coordinates": [
          [
            -119.2098228518553,
            40.79593706668166
          ],
          [
            -119.2103374935208,
            40.796614528521715
          ]
        ]
      }
    },
    {
      "type": "Feature",
      "properties": {
        "name": "F",
        "kind": "annular",
        "street_status": "autofilled"
      },
      "geometry": {
        "type": "LineString",
        "coordinates": [
          [
            -119.21461280519715,
            40.79578480317342
          ],
          [
            -119.21435306233661,
            40.795977677858275
          ],
          [
            -119.21408945475712,
            40.79616523579544
          ],
          [
            -119.21382209127894,
            40.79634739955883
          ],
          [
            -119.21355108227283,
            40.79652409394916
          ],
          [
            -119.2132765396144,
            40.7966952460249
          ],
          [
            -119.21299857663807,
            40.79686078513253
          ]
        ]
      }
    },
    {
      "type": "Feature",
      "properties": {
        "name": "H",
        "kind": "annular",
        "street_status": "autofilled"
      },
      "geometry": {
        "type": "LineString",
        "coordinates": [
          [
            -119.2176329685834,
            40.79549350192207
          ],
          [
            -119.21741705822545,
            40.795702932732645
          ],
          [
            -119.21719727442184,
            40.79590829489794
          ],
          [
            -119.21697369383679,
            40.796109516784185
          ],
          [
            -119.21674639445901,
            40.79630652820183
          ],
          [
            -119.21651545557428,
            40.79649926043
          ],
          [
            -119.21628095773798,
            40.79668764624045
          ],
          [
            -119.21604298274686,
            40.79687161992107
          ]
        ]
      }
    },
    {
      "type": "Feature",
      "properties": {
        "name": "9:00",
        "kind": "avenue",
        "street_status": "autofilled"
      },
      "geometry": {
        "type": "LineString",
        "coordinates": [
          [
            -119.21532788636438,
            40.79632821243868
          ],
          [
            -119.21604298274686,
            40.79687161992107
          ]
        ]
      }
    },
    {
      "type": "Feature",
      "properties": {
        "name": "D",
        "kind": "annular",
        "street_status": "autofilled"
      },
      "geometry": {
        "type": "LineString",
        "coordinates": [
          [
            -119.2098228518553,
            40.79593706668166
          ],
          [
            -119.20953384024972,
            40.796059749513766
          ],
          [
            -119.20924251559465,
            40.79617683326014
          ],
          [
            -119.2089489863548,
            40.79628827432866
          ],
          [
            -119.20865336181572,
            40.79639403122808
          ],
          [
            -119.20835575204308,
            40.796494064583435
          ],
          [
            -119.20805626784163,
            40.79658833715074
          ],
          [
            -119.20775502071403,
            40.79667681383085
          ],
          [
            -119.20745212281933,
            40.796759461682505
          ],
          [
            -119.20714768693118,
            40.79683624993461
          ],
          [
            -119.20684182639577,
            40.7969071499977
          ],
          [
            -119.20653465508984,
            40.79697213547457
          ]
        ]
      }
    },
    {
      "type": "Feature",
      "properties": {
        "name": "10:00",
        "kind": "avenue",
        "street_status": "autofilled"
      },
      "geometry": {
        "type": "LineString",
        "coordinates": [
          [
            -119.20627297142728,
            40.79622977342405
          ],
          [
            -119.20653465508984,
            40.79697213547457
          ]
        ]
      }
    },
    {
      "type": "Feature",
      "properties": {
        "name": "I",
        "kind": "annular",
        "street_status": "autofilled"
      },
      "geometry": {
        "type": "LineString",
        "coordinates": [
          [
            -119.21843527906582,
            40.795961305686696
          ],
          [
            -119.21820752730872,
            40.79618222528208
          ],
          [
            -119.21797568955371,
            40.7963988530207
          ],
          [
            -119.2177398466723,
            40.79661111333674
          ],
          [
            -119.21750008093309,
            40.79681893218785
          ],
          [
            -119.21725647597307,
            40.79702223708099
          ],
          [
            -119.21700911676851,
            40.79722095709772
          ],
          [
            -119.2167580896052,
            40.79741502291895
          ]
        ]
      }
    },
    {
      "type": "Feature",
      "properties": {
        "name": "9:00",
        "kind": "avenue",
        "street_status": "autofilled"
      },
      "geometry": {
        "type": "LineString",
        "coordinates": [
          [
            -119.21604298274686,
            40.79687161992107
          ],
          [
            -119.2167580896052,
            40.79741502291895
          ]
        ]
      }
    },
    {
      "type": "Feature",
      "properties": {
        "name": "G",
        "kind": "annular",
        "street_status": "autofilled"
      },
      "geometry": {
        "type": "LineString",
        "coordinates": [
          [
            -119.21532788636438,
            40.79632821243868
          ],
          [
            -119.2150521413353,
            40.79653297117385
          ],
          [
            -119.21477229340759,
            40.79673208553367
          ],
          [
            -119.21448845810873,
            40.79692547331924
          ],
          [
            -119.21420075261231,
            40.797113054695785
          ],
          [
            -119.2139092956896,
            40.79729475222548
          ],
          [
            -119.21361420766054,
            40.79747049089953
          ]
        ]
      }
    },
    {
      "type": "Feature",
      "properties": {
        "name": "9:15",
        "kind": "path",
        "street_status": "autofilled"
      },
      "geometry": {
        "type": "LineString",
        "coordinates": [
          [
            -119.21299857663807,
            40.79686078513253
          ],
          [
            -119.21361420766054,
            40.79747049089953
          ]
        ]
      }
    },
    {
      "type": "Feature",
      "properties": {
        "name": "E",
        "kind": "annular",
        "street_status": "autofilled"
      },
      "geometry": {
        "type": "LineString",
        "coordinates": [
          [
            -119.2103374935208,
            40.796614528521715
          ],
          [
            -119.21002665978239,
            40.7967464749262
          ],
          [
            -119.20971333832836,
            40.796872399451125
          ],
          [
            -119.2093976458143,
            40.79699225521238
          ],
          [
            -119.20907969977861,
            40.79710599758536
          ],
          [
            -119.20875961859872,
            40.797213584221595
          ],
          [
            -119.20843752144697,
            40.797314975064495
          ],
          [
            -119.20811352824633,
            40.79741013236433
          ],
          [
            -119.20778775962573,
            40.79749902069218
          ],
          [
            -119.20746033687504,
            40.79758160695324
          ],
          [
            -119.20713138190007,
            40.797657860399035
          ],
          [
            -119.20680101717707,
            40.79772775263894
          ]
        ]
      }
    },
    {
      "type": "Feature",
      "properties": {
        "name": "10:00",
        "kind": "avenue",
        "street_status": "autofilled"
      },
      "geometry": {
        "type": "LineString",
        "coordinates": [
          [
            -119.20653465508984,
            40.79697213547457
          ],
          [
            -119.20680101717707,
            40.79772775263894
          ]
        ]
      }
    },
    {
      "type": "Feature",
      "properties": {
        "name": "J",
        "kind": "annular",
        "street_status": "autofilled"
      },
      "geometry": {
        "type": "LineString",
        "coordinates": [
          [
            -119.21895105239732,
            40.79626203223229
          ],
          [
            -119.2187156883584,
            40.79649033731067
          ],
          [
            -119.21847610168356,
            40.79671420703973
          ],
          [
            -119.21823237594896,
            40.7969335633259
          ],
          [
            -119.21798459617456,
            40.79714832965011
          ],
          [
            -119.2177328487946,
            40.797358431094416
          ],
          [
            -119.21747722162728,
            40.79756379436812
          ],
          [
            -119.21721780384425,
            40.79776434783339
          ]
        ]
      }
    },
    {
      "type": "Feature",
      "properties": {
        "name": "9:00",
        "kind": "avenue",
        "street_status": "autofilled"
      },
      "geometry": {
        "type": "LineString",
        "coordinates": [
          [
            -119.2167580896052,
            40.79741502291895
          ],
          [
            -119.21721780384425,
            40.79776434783339
          ]
        ]
      }
    },
    {
      "type": "Feature",
      "properties": {
        "name": "F",
        "kind": "annular",
        "street_status": "autofilled"
      },
      "geometry": {
        "type": "LineString",
        "coordinates": [
          [
            -119.21299857663807,
            40.79686078513253
          ],
          [
            -119.21270841871532,
            40.79702598570256
          ],
          [
            -119.21241516303094,
            40.79718562230989
          ],
          [
            -119.21211891627037,
            40.79733963687926
          ],
          [
            -119.21181978620717,
            40.797487973380676
          ],
          [
            -119.21151788166381,
            40.79763057784986
          ],
          [
            -119.21121331247217,
            40.79776739840775
          ]
        ]
      }
    },
    {
      "type": "Feature",
      "properties": {
        "name": "9:30",
        "kind": "avenue",
        "street_status": "autofilled"
      },
      "geometry": {
        "type": "LineString",
        "coordinates": [
          [
            -119.2103374935208,
            40.796614528521715
          ],
          [
            -119.21121331247217,
            40.79776739840775
          ]
        ]
      }
    },
    {
      "type": "Feature",
      "properties": {
        "name": "H",
        "kind": "annular",
        "street_status": "autofilled"
      },
      "geometry": {
        "type": "LineString",
        "coordinates": [
          [
            -119.21604298274686,
            40.79687161992107
          ],
          [
            -119.21579318248035,
            40.79705767774663
          ],
          [
            -119.21554018008518,
            40.79723935720979
          ],
          [
            -119.21528405229925,
            40.79741660320554
          ],
          [
            -119.21502487680841,
            40.79758936197359
          ],
          [
            -119.21476273222291,
            40.79775758111462
          ],
          [
            -119.2144976980536,
            40.797921209606265
          ],
          [
            -119.21422985468773,
            40.79808019781854
          ]
        ]
      }
    },
    {
      "type": "Feature",
      "properties": {
        "name": "9:15",
        "kind": "path",
        "street_status": "autofilled"
      },
      "geometry": {
        "type": "LineString",
        "coordinates": [
          [
            -119.21361420766054,
            40.79747049089953
          ],
          [
            -119.21422985468773,
            40.79808019781854
          ]
        ]
      }
    },
    {
      "type": "Feature",
      "properties": {
        "name": "K",
        "kind": "annular",
        "street_status": "autofilled"
      },
      "geometry": {
        "type": "LineString",
        "coordinates": [
          [
            -119.21949549643814,
            40.796579469641934
          ],
          [
            -119.21925209740583,
            40.79681557090785
          ],
          [
            -119.21900433149649,
            40.79704708535866
          ],
          [
            -119.2187522851413,
            40.79727393223239
          ],
          [
            -119.21849604626462,
            40.79749603239528
          ],
          [
            -119.21823570425337,
            40.79771330836945
          ],
          [
            -119.21797134992582,
            40.797925684359896
          ],
          [
            -119.21770307549986,
            40.79813308628094
          ]
        ]
      }
    },
    {
      "type": "Feature",
      "properties": {
        "name": "9:00",
        "kind": "avenue",
        "street_status": "autofilled"
      },
      "geometry": {
        "type": "LineString",
        "coordinates": [
          [
            -119.21721780384425,
            40.79776434783339
          ],
          [
            -119.21770307549986,
            40.79813308628094
          ]
        ]
      }
    },
    {
      "type": "Feature",
      "properties": {
        "name": "G",
        "kind": "annular",
        "street_status": "autofilled"
      },
      "geometry": {
        "type": "LineString",
        "coordinates": [
          [
            -119.21361420766054,
            40.79747049089953
          ],
          [
            -119.2133061729957,
            40.79764587086961
          ],
          [
            -119.21299484965567,
            40.797815344016506
          ],
          [
            -119.21268035090121,
            40.79797884868518
          ],
          [
            -119.21236279114828,
            40.79813632539194
          ],
          [
            -119.21204228592647,
            40.79828771684609
          ],
          [
            -119.21171895183694,
            40.798432967970776
          ]
        ]
      }
    },
    {
      "type": "Feature",
      "properties": {
        "name": "9:30",
        "kind": "avenue",
        "street_status": "autofilled"
      },
      "geometry": {
        "type": "LineString",
        "coordinates": [
          [
            -119.21121331247217,
            40.79776739840775
          ],
          [
            -119.21171895183694,
            40.798432967970776
          ]
        ]
      }
    },
    {
      "type": "Feature",
      "properties": {
        "name": "F",
        "kind": "annular",
        "street_status": "autofilled"
      },
      "geometry": {
        "type": "LineString",
        "coordinates": [
          [
            -119.21121331247217,
            40.79776739840775
          ],
          [
            -119.21089796792441,
            40.79790213141943
          ],
          [
            -119.21058023926285,
            40.798031141204326
          ],
          [
            -119.21026023035319,
            40.79815438558906
          ],
          [
            -119.20993804580647,
            40.798271824284996
          ],
          [
            -119.20961379094499,
            40.79838341890135
          ],
          [
            -119.20928757176785,
            40.7984891329578
          ]
        ]
      }
    },
    {
      "type": "Feature",
      "properties": {
        "name": "I",
        "kind": "annular",
        "street_status": "autofilled"
      },
      "geometry": {
        "type": "LineString",
        "coordinates": [
          [
            -119.2167580896052,
            40.79741502291895
          ],
          [
            -119.21649458746914,
            40.7976112867311
          ],
          [
            -119.2162277075189,
            40.79780293197124
          ],
          [
            -119.21595753070329,
            40.79798990051039
          ],
          [
            -119.21568413897118,
            40.79817213563807
          ],
          [
            -119.21540761524656,
            40.7983495820795
          ],
          [
            -119.21512804340335,
            40.79852218601243
          ],
          [
            -119.21484550824012,
            40.79868989508337
          ]
        ]
      }
    },
    {
      "type": "Feature",
      "properties": {
        "name": "9:15",
        "kind": "path",
        "street_status": "autofilled"
      },
      "geometry": {
        "type": "LineString",
        "coordinates": [
          [
            -119.21422985468773,
            40.79808019781854
          ],
          [
            -119.21484550824012,
            40.79868989508337
          ]
        ]
      }
    },
    {
      "type": "Feature",
      "properties": {
        "name": "F",
        "kind": "annular",
        "street_status": "autofilled"
      },
      "geometry": {
        "type": "LineString",
        "coordinates": [
          [
            -119.20928757176785,
            40.7984891329578
          ],
          [
            -119.20895265528098,
            40.79859119931653
          ],
          [
            -119.20861601937752,
            40.798687442211595
          ],
          [
            -119.20827776530929,
            40.79877783269548
          ],
          [
            -119.20793799481483,
            40.79886234358096
          ],
          [
            -119.2075968100887,
            40.79894094944922
          ],
          [
            -119.20725431375094,
            40.79901362665754
          ]
        ]
      }
    },
    {
      "type": "Feature",
      "properties": {
        "name": "10:00",
        "kind": "avenue",
        "street_status": "autofilled"
      },
      "geometry": {
        "type": "LineString",
        "coordinates": [
          [
            -119.20680101717707,
            40.79772775263894
          ],
          [
            -119.20725431375094,
            40.79901362665754
          ]
        ]
      }
    },
    {
      "type": "Feature",
      "properties": {
        "name": "J",
        "kind": "annular",
        "street_status": "autofilled"
      },
      "geometry": {
        "type": "LineString",
        "coordinates": [
          [
            -119.21721780384425,
            40.79776434783339
          ],
          [
            -119.2169454938237,
            40.797967173257234
          ],
          [
            -119.2166696930296,
            40.798165225685686
          ],
          [
            -119.21639048511804,
            40.79835844504532
          ],
          [
            -119.21610795477865,
            40.798546772728635
          ],
          [
            -119.21582218770877,
            40.798730151611935
          ],
          [
            -119.21553327058751,
            40.79890852607258
          ],
          [
            -119.2152412910495,
            40.799081842005855
          ]
        ]
      }
    },
    {
      "type": "Feature",
      "properties": {
        "name": "9:15",
        "kind": "path",
        "street_status": "autofilled"
      },
      "geometry": {
        "type": "LineString",
        "coordinates": [
          [
            -119.21484550824012,
            40.79868989508337
          ],
          [
            -119.2152412910495,
            40.799081842005855
          ]
        ]
      }
    },
    {
      "type": "Feature",
      "properties": {
        "name": "H",
        "kind": "annular",
        "street_status": "autofilled"
      },
      "geometry": {
        "type": "LineString",
        "coordinates": [
          [
            -119.21422985468773,
            40.79808019781854
          ],
          [
            -119.21390394246063,
            40.79826575663962
          ],
          [
            -119.21357455065814,
            40.79844506576654
          ],
          [
            -119.21324179911642,
            40.798618059964774
          ],
          [
            -119.21290580889396,
            40.79878467629721
          ],
          [
            -119.21256670222755,
            40.79894485414709
          ],
          [
            -119.21222460248771,
            40.79909853524003
          ]
        ]
      }
    },
    {
      "type": "Feature",
      "properties": {
        "name": "9:30",
        "kind": "avenue",
        "street_status": "autofilled"
      },
      "geometry": {
        "type": "LineString",
        "coordinates": [
          [
            -119.21171895183694,
            40.798432967970776
          ],
          [
            -119.21222460248771,
            40.79909853524003
          ]
        ]
      }
    },
    {
      "type": "Feature",
      "properties": {
        "name": "G",
        "kind": "annular",
        "street_status": "autofilled"
      },
      "geometry": {
        "type": "LineString",
        "coordinates": [
          [
            -119.21171895183694,
            40.798432967970776
          ],
          [
            -119.21138417724775,
            40.79857600225907
          ],
          [
            -119.21104687163917,
            40.79871296064838
          ],
          [
            -119.2107071452778,
            40.798843798366434
          ],
          [
            -119.21036510922161,
            40.79896847264183
          ],
          [
            -119.21002087528363,
            40.79908694271805
          ],
          [
            -119.20967455599535,
            40.7991991698667
          ]
        ]
      }
    },
    {
      "type": "Feature",
      "properties": {
        "name": "9:45",
        "kind": "path",
        "street_status": "autofilled"
      },
      "geometry": {
        "type": "LineString",
        "coordinates": [
          [
            -119.20928757176785,
            40.7984891329578
          ],
          [
            -119.20967455599535,
            40.7991991698667
          ]
        ]
      }
    },
    {
      "type": "Feature",
      "properties": {
        "name": "K",
        "kind": "annular",
        "street_status": "autofilled"
      },
      "geometry": {
        "type": "LineString",
        "coordinates": [
          [
            -119.21770307549986,
            40.79813308628094
          ],
          [
            -119.21742146764979,
            40.79834283784967
          ],
          [
            -119.21713624979101,
            40.798547653409315
          ],
          [
            -119.21684750843758,
            40.79874747083394
          ],
          [
            -119.2165553311723,
            40.7989422295137
          ],
          [
            -119.21625980662017,
            40.79913187037321
          ],
          [
            -119.21596102442152,
            40.79931633588942
          ],
          [
            -119.21565907520478,
            40.79949557010912
          ]
        ]
      }
    },
    {
      "type": "Feature",
      "properties": {
        "name": "9:15",
        "kind": "path",
        "street_status": "autofilled"
      },
      "geometry": {
        "type": "LineString",
        "coordinates": [
          [
            -119.2152412910495,
            40.799081842005855
          ],
          [
            -119.21565907520478,
            40.79949557010912
          ]
        ]
      }
    },
    {
      "type": "Feature",
      "properties": {
        "name": "G",
        "kind": "annular",
        "street_status": "autofilled"
      },
      "geometry": {
        "type": "LineString",
        "coordinates": [
          [
            -119.20967455599535,
            40.7991991698667
          ],
          [
            -119.20931900357652,
            40.7993075260965
          ],
          [
            -119.2089616257732,
            40.799409700021464
          ],
          [
            -119.20860253007677,
            40.79950566090992
          ],
          [
            -119.2082418244954,
            40.79959537989894
          ],
          [
            -119.20787961752139,
            40.799678830002996
          ],
          [
            -119.20751601809867,
            40.79975598612215
          ]
        ]
      }
    },
    {
      "type": "Feature",
      "properties": {
        "name": "10:00",
        "kind": "avenue",
        "street_status": "autofilled"
      },
      "geometry": {
        "type": "LineString",
        "coordinates": [
          [
            -119.20725431375094,
            40.79901362665754
          ],
          [
            -119.20751601809867,
            40.79975598612215
          ]
        ]
      }
    },
    {
      "type": "Feature",
      "properties": {
        "name": "I",
        "kind": "annular",
        "street_status": "autofilled"
      },
      "geometry": {
        "type": "LineString",
        "coordinates": [
          [
            -119.21484550824012,
            40.79868989508337
          ],
          [
            -119.21455105953078,
            40.79885807343108
          ],
          [
            -119.21425390090548,
            40.799021415580874
          ],
          [
            -119.213954111794,
            40.79917987787179
          ],
          [
            -119.21365177232924,
            40.799333417947246
          ],
          [
            -119.2133469633258,
            40.79948199476636
          ],
          [
            -119.21303976625836,
            40.799625568614914
          ],
          [
            -119.21273026323998,
            40.79976410111598
          ]
        ]
      }
    },
    {
      "type": "Feature",
      "properties": {
        "name": "9:30",
        "kind": "avenue",
        "street_status": "autofilled"
      },
      "geometry": {
        "type": "LineString",
        "coordinates": [
          [
            -119.21222460248771,
            40.79909853524003
          ],
          [
            -119.21273026323998,
            40.79976410111598
          ]
        ]
      }
    },
    {
      "type": "Feature",
      "properties": {
        "name": "H",
        "kind": "annular",
        "street_status": "autofilled"
      },
      "geometry": {
        "type": "LineString",
        "coordinates": [
          [
            -119.21222460248771,
            40.79909853524003
          ],
          [
            -119.21187039799302,
            40.79924987172483
          ],
          [
            -119.21151351555307,
            40.79939477963174
          ],
          [
            -119.21115407183565,
            40.79953321158916
          ],
          [
            -119.21079218434592,
            40.799665122342525
          ],
          [
            -119.2104279713879,
            40.79979046876912
          ],
          [
            -119.21006155202588,
            40.79990920989212
          ]
        ]
      }
    },
    {
      "type": "Feature",
      "properties": {
        "name": "9:45",
        "kind": "path",
        "street_status": "autofilled"
      },
      "geometry": {
        "type": "LineString",
        "coordinates": [
          [
            -119.20967455599535,
            40.7991991698667
          ],
          [
            -119.21006155202588,
            40.79990920989212
          ]
        ]
      }
    },
    {
      "type": "Feature",
      "properties": {
        "name": "J",
        "kind": "annular",
        "street_status": "autofilled"
      },
      "geometry": {
        "type": "LineString",
        "coordinates": [
          [
            -119.2152412910495,
            40.799081842005855
          ],
          [
            -119.21493699940626,
            40.79925564329731
          ],
          [
            -119.21462990722368,
            40.79942444669057
          ],
          [
            -119.2143200965879,
            40.7995882070643
          ],
          [
            -119.2140076503116,
            40.799746880645166
          ],
          [
            -119.2136926519121,
            40.799900425019516
          ],
          [
            -119.21337518558879,
            40.80004879914477
          ],
          [
            -119.21305533620082,
            40.80019196336036
          ]
        ]
      }
    },
    {
      "type": "Feature",
      "properties": {
        "name": "9:30",
        "kind": "avenue",
        "street_status": "autofilled"
      },
      "geometry": {
        "type": "LineString",
        "coordinates": [
          [
            -119.21273026323998,
            40.79976410111598
          ],
          [
            -119.21305533620082,
            40.80019196336036
          ]
        ]
      }
    },
    {
      "type": "Feature",
      "properties": {
        "name": "H",
        "kind": "annular",
        "street_status": "autofilled"
      },
      "geometry": {
        "type": "LineString",
        "coordinates": [
          [
            -119.21006155202588,
            40.79990920989212
          ],
          [
            -119.20968536283952,
            40.80002385522788
          ],
          [
            -119.20930724231592,
            40.80013195940952
          ],
          [
            -119.20892730418612,
            40.80023348992148
          ],
          [
            -119.20854566272787,
            40.80032841622544
          ],
          [
            -119.20816243273126,
            40.80041670976946
          ],
          [
            -119.20777772946417,
            40.80049834399663
          ]
        ]
      }
    },
    {
      "type": "Feature",
      "properties": {
        "name": "10:00",
        "kind": "avenue",
        "street_status": "autofilled"
      },
      "geometry": {
        "type": "LineString",
        "coordinates": [
          [
            -119.20751601809867,
            40.79975598612215
          ],
          [
            -119.20777772946417,
            40.80049834399663
          ]
        ]
      }
    },
    {
      "type": "Feature",
      "properties": {
        "name": "I",
        "kind": "annular",
        "street_status": "autofilled"
      },
      "geometry": {
        "type": "LineString",
        "coordinates": [
          [
            -119.21273026323998,
            40.79976410111598
          ],
          [
            -119.2124101807472,
            40.79990134854399
          ],
          [
            -119.21208800995491,
            40.80003361915687
          ],
          [
            -119.21176382824292,
            40.800160881185526
          ],
          [
            -119.21143771347401,
            40.80028310406385
          ],
          [
            -119.21110974397527,
            40.80040025843603
          ],
          [
            -119.21077999851924,
            40.800512316163626
          ],
          [
            -119.21044855630504,
            40.80061925033234
          ]
        ]
      }
    },
    {
      "type": "Feature",
      "properties": {
        "name": "9:45",
        "kind": "path",
        "street_status": "autofilled"
      },
      "geometry": {
        "type": "LineString",
        "coordinates": [
          [
            -119.21006155202588,
            40.79990920989212
          ],
          [
            -119.21044855630504,
            40.80061925033234
          ]
        ]
      }
    },
    {
      "type": "Feature",
      "properties": {
        "name": "K",
        "kind": "annular",
        "street_status": "autofilled"
      },
      "geometry": {
        "type": "LineString",
        "coordinates": [
          [
            -119.21565907520478,
            40.79949557010912
          ],
          [
            -119.21534439283202,
            40.799675306166414
          ],
          [
            -119.2150268142736,
            40.799849873630436
          ],
          [
            -119.21470642441962,
            40.80001922583853
          ],
          [
            -119.21438330891168,
            40.80018331752214
          ],
          [
            -119.21405755411996,
            40.800342104818846
          ],
          [
            -119.2137292471201,
            40.800495545284114
          ],
          [
            -119.21339847566998,
            40.80064359790265
          ]
        ]
      }
    },
    {
      "type": "Feature",
      "properties": {
        "name": "9:30",
        "kind": "avenue",
        "street_status": "autofilled"
      },
      "geometry": {
        "type": "LineString",
        "coordinates": [
          [
            -119.21305533620082,
            40.80019196336036
          ],
          [
            -119.21339847566998,
            40.80064359790265
          ]
        ]
      }
    },
    {
      "type": "Feature",
      "properties": {
        "name": "I",
        "kind": "annular",
        "street_status": "autofilled"
      },
      "geometry": {
        "type": "LineString",
        "coordinates": [
          [
            -119.21044855630504,
            40.80061925033234
          ],
          [
            -119.21010854678302,
            40.80072333005127
          ],
          [
            -119.20976702791008,
            40.80082234406023
          ],
          [
            -119.20942407515646,
            40.80091627047873
          ],
          [
            -119.20907976430925,
            40.801005088550504
          ],
          [
            -119.20873417145567,
            40.8010887786482
          ],
          [
            -119.2083873729662,
            40.80116732227763
          ],
          [
            -119.20803944547781,
            40.8012407020819
          ]
        ]
      }
    },
    {
      "type": "Feature",
      "properties": {
        "name": "10:00",
        "kind": "avenue",
        "street_status": "autofilled"
      },
      "geometry": {
        "type": "LineString",
        "coordinates": [
          [
            -119.20777772946417,
            40.80049834399663
          ],
          [
            -119.20803944547781,
            40.8012407020819
          ]
        ]
      }
    },
    {
      "type": "Feature",
      "properties": {
        "name": "K",
        "kind": "annular",
        "street_status": "autofilled"
      },
      "geometry": {
        "type": "LineString",
        "coordinates": [
          [
            -119.21339847566998,
            40.80064359790265
          ],
          [
            -119.21305639685453,
            40.800790277499615
          ],
          [
            -119.21271208620517,
            40.80093163822608
          ],
          [
            -119.21236562642072,
            40.8010676461291
          ],
          [
            -119.21201710071615,
            40.8011982685414
          ],
          [
            -119.21166659280269,
            40.801323474089216
          ],
          [
            -119.21131418686758,
            40.801443232699874
          ],
          [
            -119.21095996755403,
            40.801557515608955
          ]
        ]
      }
    },
    {
      "type": "Feature",
      "properties": {
        "name": "9:45",
        "kind": "path",
        "street_status": "autofilled"
      },
      "geometry": {
        "type": "LineString",
        "coordinates": [
          [
            -119.21044855630504,
            40.80061925033234
          ],
          [
            -119.21095996755403,
            40.801557515608955
          ]
        ]
      }
    },
    {
      "type": "Feature",
      "properties": {
        "name": "K",
        "kind": "annular",
        "street_status": "autofilled"
      },
      "geometry": {
        "type": "LineString",
        "coordinates": [
          [
            -119.21095996755403,
            40.801557515608955
          ],
          [
            -119.21059659144717,
            40.8016687479208
          ],
          [
            -119.210231602257,
            40.80177456636801
          ],
          [
            -119.20986508064095,
            40.8018749475662
          ],
          [
            -119.20949710759515,
            40.80196986933255
          ],
          [
            -119.20912776443642,
            40.802059310690694
          ],
          [
            -119.20875713278438,
            40.80214325187534
          ],
          [
            -119.20838529454342,
            40.802221674336685
          ]
        ]
      }
    },
    {
      "type": "Feature",
      "properties": {
        "name": "10:00",
        "kind": "avenue",
        "street_status": "autofilled"
      },
      "geometry": {
        "type": "LineString",
        "coordinates": [
          [
            -119.20803944547781,
            40.8012407020819
          ],
          [
            -119.20838529454342,
            40.802221674336685
          ]
        ]
      }
    }
  ]
}